Unnamed: 0_level_0,Unnamed: 1_level_0,Unnamed: 2_level_0,Passing,Passing,Passing,Passing,Passing,Passing,Rushing,Rushing,Rushing,Rushing,Receiving,Receiving,Receiving,Receiving,Fumbles,Fumbles
Player,Bye,Pts*,Att,Cmp,Yds,TD,Int,2Pt,Att,Yds,TD,2Pt,Rec,Yds,TD,2Pt,FL,TD
Cam NewtonC. Newton,5,447.0,495,296,3837,35,10,0,132,636,10,0,0,0,0,0,4,0
Tom BradyT. Brady,4,410.0,624,402,4770,36,7,0,34,53,3,0,1,36,0,0,2,0
Russell WilsonR. Wilson,9,393.0,483,329,4024,34,8,0,103,553,1,0,0,0,0,0,3,0
Blake BortlesB. Bortles,8,377.0,606,355,4428,35,18,1,52,310,2,0,0,0,0,0,5,0
Antonio BrownA. Brown,11,375.0,0,0,0,0,0,0,3,28,0,0,136,1834,10,2,2,0
Carson PalmerC. Palmer,9,372.0,537,342,4671,35,11,0,25,24,1,0,0,0,0,0,2,0
Julio JonesJ. Jones,10,368.0,0,0,0,0,0,0,0,0,0,0,136,1871,8,0,1,1
Drew BreesD. Brees,11,365.0,627,428,4870,32,11,0,24,14,1,0,0,0,0,0,2,0
Eli ManningE. Manning,11,352.0,618,387,4432,35,14,0,20,61,0,0,0,0,0,0,4,0
Aaron RodgersA. Rodgers,7,352.0,572,347,3821,31,8,4,58,344,1,0,0,0,0,0,4,0
Matthew StaffordM. Stafford,9,347.0,592,398,4262,32,13,0,44,159,1,0,1,-6,0,0,2,0
Kirk CousinsK. Cousins,8,344.0,543,379,4166,29,11,2,26,48,5,0,0,0,0,0,3,0
Philip RiversP. Rivers,10,337.0,661,437,4792,29,13,2,17,28,0,0,0,0,0,0,2,0
Ryan FitzpatrickR. Fitzpatrick,5,336.0,562,335,3905,31,15,0,60,270,2,0,0,0,0,0,2,0
Brandon MarshallB. Marshall,5,334.0,0,0,0,0,0,0,0,0,0,0,109,1502,14,0,2,0
Derek CarrD. Carr,6,329.0,573,350,3987,32,13,1,33,138,0,0,0,0,0,0,3,0
DeAndre HopkinsD. Hopkins,9,322.0,0,0,0,0,0,0,0,0,0,0,111,1521,11,1,0,0
Odell Beckham Jr.O. Beckham,11,312.0,0,0,0,0,0,0,1,3,0,0,96,1450,13,0,0,0
Jameis WinstonJ. Winston,6,307.0,535,312,4042,22,15,1,54,213,6,0,0,0,0,0,2,0
Devonta FreemanD. Freeman,10,305.0,0,0,0,0,0,0,265,1056,11,0,73,578,3,0,2,0
Tyrod TaylorT. Taylor,8,300.0,380,242,3035,20,6,0,104,568,4,1,1,4,0,0,1,0
Alex SmithA. Smith,9,299.0,470,307,3486,20,7,2,84,498,2,0,0,0,0,0,0,0
Allen RobinsonA. Robinson,8,297.0,0,0,0,0,0,0,0,0,0,0,80,1400,14,0,0,0
Ryan TannehillR. Tannehill,5,297.0,586,363,4208,24,12,1,32,141,1,0,1,9,0,0,3,0
Andy DaltonA. Dalton,7,286.0,386,255,3250,25,7,0,57,142,3,0,0,0,0,0,2,0
Larry FitzgeraldL. Fitzgerald,9,275.0,0,0,0,0,0,0,0,0,0,0,109,1215,9,0,2,0
Matt RyanM. Ryan,10,271.0,614,407,4591,21,16,1,36,63,0,0,0,0,0,0,5,0
A.J. GreenA. Green,7,266.0,0,0,0,0,0,0,0,0,0,0,86,1297,10,0,1,0
Jay CutlerJ. Cutler,7,264.0,483,311,3659,21,11,1,38,201,1,0,0,0,0,0,5,0
Ben RoethlisbergerB. Roethlisberger,11,264.0,469,319,3938,21,16,8,15,29,0,0,0,-3,0,0,0,0
Demaryius ThomasD. Thomas,7,263.0,0,0,0,0,0,0,0,0,0,0,105,1304,6,0,2,0
Doug BaldwinD. Baldwin,9,262.0,0,0,0,0,0,0,0,0,0,0,78,1069,14,0,0,0
Jarvis LandryJ. Landry,5,259.0,1,1,9,0,0,0,18,113,1,0,110,1157,4,1,0,0
Calvin JohnsonC. Johnson,9,253.0,0,0,0,0,0,0,0,0,0,0,88,1214,9,0,1,0
Adrian PetersonA. Peterson,5,250.0,0,0,0,0,0,0,327,1485,11,0,30,222,0,0,3,0
Rob GronkowskiR. Gronkowski,4,248.0,0,0,0,0,0,0,0,0,0,0,72,1176,11,0,0,0
Eric DeckerE. Decker,5,247.0,0,0,0,0,0,0,0,0,0,0,80,1027,12,0,1,0
Brandin CooksB. Cooks,11,246.0,0,0,0,0,0,0,8,18,0,0,84,1138,9,0,0,0
Marcus MariotaM. Mariota,4,243.0,370,230,2818,19,10,3,34,252,2,0,1,41,1,0,6,0
Jordan ReedJ. Reed,8,239.0,0,0,0,0,0,0,0,0,0,0,87,952,11,0,2,0
Delanie WalkerD. Walker,4,237.0,0,0,0,0,0,0,1,36,0,0,94,1088,6,1,0,0
Jeremy MaclinJ. Maclin,9,236.0,0,0,0,0,0,0,3,14,0,0,87,1088,8,0,1,0
Gary BarnidgeG. Barnidge,11,228.0,0,0,0,0,0,0,0,0,0,0,79,1043,9,0,0,0
Danny WoodheadD. Woodhead,10,228.0,0,0,0,0,0,0,98,336,3,0,80,755,6,0,0,0
Sam BradfordS. Bradford,8,225.0,532,346,3725,19,14,0,26,39,0,0,0,0,0,0,3,0
Doug MartinD. Martin,6,225.0,0,0,0,0,0,0,288,1402,6,0,33,271,1,0,5,0
Jordan MatthewsJ. Matthews,8,225.0,0,0,0,0,0,0,0,0,0,0,85,997,8,0,1,0
Michael CrabtreeM. Crabtree,6,224.0,0,0,0,0,0,0,0,0,0,0,85,922,9,0,0,0
Greg OlsenG. Olsen,5,222.0,0,0,0,0,0,0,0,0,0,0,77,1104,7,0,1,0
Lamar MillerL. Miller,5,221.0,0,0,0,0,0,0,194,872,8,0,47,397,2,0,1,0
DeAngelo WilliamsD. Williams,5,221.0,0,0,0,0,0,0,200,907,11,0,40,367,0,1,2,0
Allen HurnsA. Hurns,8,220.0,0,0,0,0,0,0,0,0,0,0,64,1031,10,0,1,0
Teddy BridgewaterT. Bridgewater,5,218.0,447,292,3231,14,9,0,44,192,3,1,0,0,0,0,3,0
Emmanuel SandersE. Sanders,7,218.0,0,0,0,0,0,0,3,29,0,0,76,1135,6,0,2,0
Sammy WatkinsS. Watkins,8,212.0,0,0,0,0,0,0,1,1,0,0,60,1047,9,0,0,0
Amari CooperA. Cooper,6,206.0,0,0,0,0,0,0,3,-3,0,0,72,1070,6,0,1,0
Mike EvansM. Evans,6,206.0,0,0,0,0,0,0,0,0,0,0,74,1206,3,0,1,0
Matt ForteM. Forte,7,204.0,0,0,0,0,0,0,218,898,4,0,44,389,3,1,1,0
T.Y. HiltonT. Hilton,10,204.0,0,0,0,0,0,0,0,0,0,0,69,1124,5,0,0,0
Golden TateG. Tate,9,202.0,0,0,0,0,0,0,6,41,0,0,90,813,6,0,1,0
John BrownJ. Brown,9,200.0,0,0,0,0,0,0,3,22,0,0,65,1003,7,0,1,0
Randall CobbR. Cobb,7,199.0,0,0,0,0,0,0,13,50,0,0,79,829,6,0,0,1
Brian HoyerB. Hoyer,9,199.0,369,224,2606,19,7,0,15,44,0,0,0,0,0,0,2,0
Todd GurleyT. Gurley,6,198.0,0,0,0,0,0,0,229,1106,10,0,21,188,0,0,1,0
David JohnsonD. Johnson,9,195.0,0,0,0,0,0,0,125,581,8,0,36,457,4,0,1,0
Mark IngramM. Ingram,11,194.0,0,0,0,0,0,0,166,769,6,1,50,405,0,0,1,0
Kamar AikenK. Aiken,9,192.0,0,0,0,0,0,0,0,0,0,0,75,944,5,0,1,0
Chris IvoryC. Ivory,5,191.0,0,0,0,0,0,0,247,1070,7,0,30,217,1,0,2,0
Latavius MurrayL. Murray,6,190.0,0,0,0,0,0,0,266,1066,6,0,41,232,0,0,1,0
Darren McFaddenD. McFadden,6,188.0,1,0,0,0,0,0,239,1089,3,0,40,328,0,1,3,0
Travis BenjaminT. Benjamin,11,187.0,0,0,0,0,0,0,4,12,0,0,68,966,5,0,2,0
Tyler EifertT. Eifert,7,187.0,0,0,0,0,0,0,0,0,0,0,52,615,13,0,0,0
Joe FlaccoJ. Flacco,9,185.0,413,266,2791,14,12,1,13,23,3,0,0,0,0,0,2,0
Frank GoreF. Gore,10,184.0,0,0,0,0,0,0,260,967,6,0,34,267,1,0,3,0
Tavon AustinT. Austin,6,183.0,0,0,0,0,0,0,52,434,4,0,52,473,5,0,2,0
James JonesJ. Jones,6,183.0,0,0,0,0,0,0,0,0,0,0,50,890,8,2,0,0
Travis KelceT. Kelce,9,183.0,0,0,0,0,0,0,0,0,0,0,72,875,5,2,2,0
Benjamin WatsonB. Watson,11,183.0,0,0,0,0,0,0,0,0,0,0,74,825,6,0,1,0
Pierre GarconP. Garcon,8,180.0,0,0,0,0,0,0,0,0,0,0,72,777,6,0,0,0
Willie SneadW. Snead,11,179.0,0,0,0,0,0,0,0,0,0,0,69,984,3,0,1,0
Rueben RandleR. Randle,11,178.0,0,0,0,0,0,0,0,0,0,0,57,797,8,0,0,0
Ted Ginn Jr.T. Ginn,5,177.0,0,0,0,0,0,0,4,60,0,0,44,739,10,0,0,0
DeMarco MurrayD. Murray,8,175.0,0,0,0,0,0,0,193,702,6,0,44,322,1,0,2,0
LeSean McCoyL. McCoy,8,171.0,0,0,0,0,0,0,203,895,3,1,32,292,2,0,2,0
Charles SimsC. Sims,6,170.0,0,0,0,0,0,0,107,529,0,0,51,561,4,0,2,0
Julian EdelmanJ. Edelman,4,169.0,0,0,0,0,0,0,3,23,0,0,61,692,7,0,1,0
Giovani BernardG. Bernard,7,168.0,0,0,0,0,0,0,154,730,2,0,49,472,0,0,0,0
Donte MoncriefD. Moncrief,10,168.0,0,0,0,0,0,0,0,0,0,0,64,733,6,0,0,0
Theo RiddickT. Riddick,9,168.0,0,0,0,0,0,0,43,133,0,0,80,697,3,0,1,0
Michael FloydM. Floyd,9,167.0,0,0,0,0,0,0,0,0,0,0,52,849,6,0,0,0
Marvin JonesM. Jones,7,166.0,0,0,0,0,0,0,5,33,0,0,65,816,4,0,0,0
Anquan BoldinA. Boldin,10,165.0,0,0,0,0,0,0,0,0,0,0,69,789,4,0,1,0
Zach ErtzZ. Ertz,8,165.0,0,0,0,0,0,0,0,0,0,0,75,853,2,0,1,0
Martavis BryantM. Bryant,11,163.0,0,0,0,0,0,0,5,37,1,0,50,765,6,0,1,0
Jeremy HillJ. Hill,7,163.0,0,0,0,0,0,0,223,794,11,1,15,79,1,0,3,0
Keenan AllenK. Allen,10,158.0,0,0,0,0,0,0,0,0,0,0,67,725,4,0,1,0
Jason WittenJ. Witten,6,158.0,0,0,0,0,0,0,0,0,0,0,77,713,3,0,1,0
Andrew LuckA. Luck,10,157.0,293,162,1881,15,12,1,33,196,0,0,0,0,0,0,1,0
Jonathan StewartJ. Stewart,5,157.0,0,0,0,0,0,0,242,989,6,0,16,99,1,0,2,0
Rashad JenningsR. Jennings,11,156.0,0,0,0,0,0,0,195,863,3,0,29,296,1,0,2,0
Josh McCownJ. McCown,11,156.0,292,186,2109,12,4,2,20,98,1,0,0,0,0,0,6,0
James StarksJ. Starks,7,156.0,0,0,0,0,0,0,148,601,2,0,43,392,3,0,3,0
Alshon JefferyA. Jeffery,7,155.0,0,0,0,0,0,0,0,0,0,0,54,807,4,0,0,0
Ronnie HillmanR. Hillman,7,154.0,0,0,0,0,0,0,207,863,7,0,24,111,0,0,1,0
Richard RodgersR. Rodgers,7,152.0,0,0,0,0,0,0,1,11,0,0,58,510,8,1,0,0
Duke JohnsonD. Johnson,11,151.0,0,0,0,0,0,0,104,379,0,0,61,534,2,0,0,0
Terrance WilliamsT. Williams,6,148.0,0,0,0,0,0,0,0,0,0,0,52,840,3,0,0,0
Shane VereenS. Vereen,11,147.0,0,0,0,0,0,0,61,260,0,0,59,494,4,0,0,0
T.J. YeldonT. Yeldon,8,145.0,0,0,0,0,0,0,182,740,2,0,36,279,1,0,0,0
Antonio GatesA. Gates,10,144.0,0,0,0,0,0,0,0,0,0,0,56,630,5,0,0,0
Tyler LockettT. Lockett,9,144.0,0,0,0,0,0,0,5,20,0,0,51,664,6,0,1,0
Markus WheatonM. Wheaton,11,144.0,0,0,0,0,0,0,0,0,0,0,44,749,5,1,0,0
Blaine GabbertB. Gabbert,10,143.0,282,178,2031,10,7,0,32,185,1,0,0,0,0,0,1,0
Stefon DiggsS. Diggs,5,142.0,0,0,0,0,0,0,3,13,0,0,52,720,4,0,0,0
Jermaine KearseJ. Kearse,9,142.0,0,0,0,0,0,0,0,0,0,0,49,685,5,0,0,0
Danny AmendolaD. Amendola,4,140.0,1,1,36,0,0,0,2,11,0,0,65,648,3,0,1,0
Jeremy LangfordJ. Langford,7,137.0,0,0,0,0,0,0,148,537,6,1,22,279,1,0,0,0
Darren SprolesD. Sproles,8,137.0,0,0,0,0,0,0,83,317,3,0,55,388,1,0,0,0
Javorius AllenJ. Allen,9,134.0,0,0,0,0,0,0,137,514,1,0,45,353,2,0,2,0
Eddie LacyE. Lacy,7,131.0,0,0,0,0,0,0,187,758,3,0,20,188,2,0,2,0
Nate WashingtonN. Washington,9,131.0,0,0,0,0,0,0,0,0,0,0,47,658,4,0,0,0
C.J. AndersonC. Anderson,7,130.0,0,0,0,0,0,0,152,720,5,0,25,183,0,0,2,0
Brock OsweilerB. Osweiler,7,130.0,275,170,1967,10,6,0,21,61,1,0,0,0,0,0,1,0
Rishard MatthewsR. Matthews,5,129.0,0,0,0,0,0,0,1,4,0,0,43,662,4,0,0,0
Jamison CrowderJ. Crowder,8,128.0,1,0,0,0,0,0,2,2,0,0,59,604,2,2,1,0
Steve SmithS. Smith,9,128.0,0,0,0,0,0,0,0,0,0,0,46,670,3,0,0,0
Cole BeasleyC. Beasley,6,127.0,0,0,0,0,0,0,0,0,0,0,52,536,5,0,2,0
Isaiah CrowellI. Crowell,11,126.0,0,0,0,0,0,0,185,706,4,0,19,182,1,0,0,0
Bilal PowellB. Powell,5,126.0,0,0,0,0,0,0,70,313,1,0,47,388,2,0,0,0
Eric EbronE. Ebron,9,123.0,0,0,0,0,0,0,0,0,0,0,47,537,5,0,0,0
Kyle RudolphK. Rudolph,5,123.0,0,0,0,0,0,0,0,0,0,0,49,495,5,0,0,0
Jacob TammeJ. Tamme,10,123.0,0,0,0,0,0,0,0,0,0,0,59,657,1,0,0,0
Charcandrick WestC. West,9,123.0,0,0,0,0,0,0,160,634,4,0,20,214,1,0,1,0
Heath MillerH. Miller,11,121.0,0,0,0,0,0,0,1,2,0,0,60,535,2,1,0,0
Thomas RawlsT. Rawls,9,121.0,0,0,0,0,0,0,147,830,4,0,9,76,1,0,1,0
Karlos WilliamsK. Williams,8,121.0,0,0,0,0,0,0,93,517,7,0,11,96,2,0,1,0
Torrey SmithT. Smith,10,120.0,0,0,0,0,0,0,0,0,0,0,33,663,4,1,0,0
Ryan MathewsR. Mathews,8,118.0,0,0,0,0,0,0,106,539,6,0,20,146,1,0,3,0
Kenny BrittK. Britt,6,117.0,0,0,0,0,0,0,0,0,0,0,36,681,3,0,0,0
Coby FleenerC. Fleener,10,117.0,0,0,0,0,0,0,0,0,0,0,54,491,3,1,0,0
Jimmy GrahamJ. Graham,9,117.0,0,0,0,0,0,0,0,0,0,0,48,605,2,0,0,0
LeGarrette BlountL. Blount,4,116.0,0,0,0,0,0,0,165,703,6,0,6,43,1,0,0,0
Charles ClayC. Clay,8,116.0,0,0,0,0,0,0,0,0,0,0,51,528,3,0,0,0
Colin KaepernickC. Kaepernick,10,116.0,244,144,1615,6,5,1,45,256,1,0,0,0,0,0,1,0
Julius ThomasJ. Thomas,8,116.0,0,0,0,0,0,0,0,0,0,0,46,455,5,0,0,0
Justin ForsettJ. Forsett,9,114.0,0,0,0,0,0,0,151,641,2,0,31,153,0,0,0,0
Dion LewisD. Lewis,4,114.0,0,0,0,0,0,0,49,234,2,0,36,388,2,0,1,0
Marques ColstonM. Colston,11,113.0,0,0,0,0,0,0,0,0,0,0,45,520,4,0,0,0
James WhiteJ. White,4,113.0,0,0,0,0,0,0,22,56,2,0,40,410,4,0,0,0
Robert WoodsR. Woods,8,112.0,0,0,0,0,0,0,1,0,0,0,47,552,3,0,1,0
Martellus BennettM. Bennett,7,109.0,0,0,0,0,0,0,0,0,0,0,53,439,3,0,0,0
Dorial Green-BeckhamD. Green-Beckham,4,109.0,0,0,0,0,0,0,0,0,0,0,32,549,4,1,0,0
Andre JohnsonA. Johnson,10,109.0,0,0,0,0,0,0,0,0,0,0,41,503,4,0,0,0
Stevie JohnsonS. Johnson,10,109.0,0,0,0,0,0,0,0,0,0,0,45,497,3,0,0,0
Owen DanielsO. Daniels,7,108.0,0,0,0,0,0,0,0,0,0,0,46,517,3,0,0,0
Seth RobertsS. Roberts,6,108.0,0,0,0,0,0,0,0,0,0,0,32,480,5,1,0,0
Le'Veon BellL. Bell,11,107.0,0,0,0,0,0,0,113,556,3,0,24,136,0,0,0,0
Matt JonesM. Jones,8,107.0,0,0,0,0,0,0,144,490,3,0,19,304,1,0,4,0
Nick FolesN. Foles,6,106.0,337,190,2052,7,10,1,17,20,1,0,0,0,0,0,2,0
Brian HartlineB. Hartline,11,106.0,0,0,0,0,0,0,0,0,0,0,46,523,2,0,0,0
Matt HasselbeckM. Hasselbeck,10,106.0,256,156,1690,9,5,0,16,15,0,0,0,0,0,0,2,0
Cecil ShortsC. Shorts,9,106.0,1,1,21,1,0,0,10,47,0,0,42,484,2,0,1,0
Ameer AbdullahA. Abdullah,9,105.0,0,0,0,0,0,0,143,597,2,0,25,183,1,0,2,0
Peyton ManningP. Manning,7,105.0,331,198,2249,9,17,0,6,-6,0,0,0,0,0,0,0,0
Chris JohnsonC. Johnson,9,104.0,0,0,0,0,0,0,196,814,3,0,6,58,0,0,2,0
DeSean JacksonD. Jackson,8,103.0,0,0,0,0,0,0,0,0,0,0,30,528,4,0,1,0
Vincent JacksonV. Jackson,6,103.0,0,0,0,0,0,0,0,0,0,0,33,543,3,1,0,0
Johnny ManzielJ. Manziel,11,103.0,223,129,1500,7,5,0,37,230,0,0,0,0,0,0,3,0
Zach MillerZ. Miller,7,103.0,0,0,0,0,0,0,0,0,0,0,34,439,5,0,0,0
Antonio AndrewsA. Andrews,4,102.0,1,1,41,1,0,0,143,520,3,0,21,174,0,0,1,0
Devin FunchessD. Funchess,5,102.0,0,0,0,0,0,0,0,0,0,0,31,473,5,0,1,0
Ladarius GreenL. Green,10,102.0,0,0,0,0,0,0,0,0,0,0,37,429,4,2,0,0
Davante AdamsD. Adams,7,101.0,0,0,0,0,0,0,0,0,0,0,50,483,1,1,0,0
Alfred BlueA. Blue,9,101.0,0,0,0,0,0,0,183,698,2,0,15,109,1,0,1,0
Jerricho CotcheryJ. Cotchery,5,101.0,0,0,0,0,0,0,1,16,0,0,39,485,3,0,0,0
Melvin GordonM. Gordon,10,101.0,0,0,0,0,0,0,184,641,0,0,33,192,0,0,4,0
Will TyeW. Tye,11,100.0,0,0,0,0,0,0,0,0,0,0,42,464,3,0,1,0
Jamaal CharlesJ. Charles,9,98.0,0,0,0,0,0,0,71,364,4,0,21,177,1,0,2,0
Malcom FloydM. Floyd,10,97.0,0,0,0,0,0,0,0,0,0,0,30,561,3,0,1,0
Philly BrownP. Brown,5,96.0,0,0,0,0,0,0,6,38,0,0,31,447,4,0,0,0
Crockett GillmoreC. Gillmore,9,95.0,0,0,0,0,0,0,0,0,0,0,33,412,4,0,0,0
Dwayne HarrisD. Harris,11,95.0,0,0,0,0,0,0,2,12,0,0,36,396,4,0,0,0
Dontrelle InmanD. Inman,10,95.0,0,0,0,0,0,0,0,0,0,0,35,486,3,0,1,0
Joique BellJ. Bell,9,94.0,0,0,0,0,0,0,90,311,4,0,22,286,0,0,0,0
Roddy WhiteR. White,10,94.0,0,0,0,0,0,0,0,0,0,0,43,506,1,0,0,0
Mike WallaceM. Wallace,5,93.0,0,0,0,0,0,0,1,6,0,0,39,473,2,0,0,0
Kyle JuszczykK. Juszczyk,9,91.0,0,0,0,0,0,0,2,3,0,0,41,321,4,0,0,0
DeVante ParkerD. Parker,5,90.0,0,0,0,0,0,0,0,0,0,0,26,494,3,0,0,0
Kendall WrightK. Wright,4,90.0,0,0,0,0,0,0,5,17,0,0,36,408,3,0,0,0
Chris HoganC. Hogan,8,89.0,1,1,4,0,0,0,1,4,0,0,36,450,2,0,0,0
Alfred MorrisA. Morris,8,89.0,0,0,0,0,0,0,202,751,1,0,10,55,0,0,0,0
Albert WilsonA. Wilson,9,86.0,0,0,0,0,0,0,5,26,0,0,35,451,2,0,0,0
Dez BryantD. Bryant,6,85.0,0,0,0,0,0,0,0,0,0,0,31,401,3,0,0,0
Jordan CameronJ. Cameron,5,85.0,0,0,0,0,0,0,0,0,0,0,35,386,3,0,0,0
Kenny StillsK. Stills,5,84.0,0,0,0,0,0,0,0,0,0,0,27,440,3,0,0,0
Brandon ColemanB. Coleman,11,83.0,0,0,0,0,0,0,0,0,0,0,30,454,2,0,0,0
Tim HightowerT. Hightower,11,83.0,0,0,0,0,0,0,96,375,4,0,12,129,0,0,0,0
Dexter McClusterD. McCluster,4,83.0,0,0,0,0,0,0,55,247,1,0,31,260,1,1,2,0
Chris ThompsonC. Thompson,8,83.0,0,0,0,0,0,0,35,216,0,0,35,240,2,0,0,0
Brandon LaFellB. LaFell,4,82.0,0,0,0,0,0,0,2,9,0,0,37,515,0,0,0,0
Jared CookJ. Cook,6,81.0,0,0,0,0,0,0,0,0,0,0,39,481,0,1,1,0
Lance MooreL. Moore,9,81.0,0,0,0,0,0,0,0,0,0,0,29,337,4,0,1,0
Brent CelekB. Celek,8,80.0,0,0,0,0,0,0,0,0,0,0,27,398,3,0,0,0
Harry DouglasH. Douglas,4,80.0,0,0,0,0,0,0,1,-6,0,0,36,411,2,0,1,0
Mohamed SanuM. Sanu,7,80.0,0,0,0,0,0,0,10,71,2,0,33,394,0,0,0,0
Marshawn LynchM. Lynch,9,79.0,0,0,0,0,0,0,111,417,3,1,13,80,0,0,0,0
Spencer WareS. Ware,9,78.0,0,0,0,0,0,0,72,403,6,0,6,5,0,0,0,0
Carlos HydeC. Hyde,10,77.0,0,0,0,0,0,0,115,470,3,0,11,53,0,0,0,0
Marquess WilsonM. Wilson,7,77.0,0,0,0,0,0,0,0,0,0,0,28,464,1,0,0,0
Ryan MallettR. Mallett,9,76.0,244,136,1336,5,6,1,5,15,1,0,0,0,0,0,0,0
Austin Seferian-JenkinsA. Seferian-Jenkins,6,76.0,0,0,0,0,0,0,0,0,0,0,21,338,4,0,0,0
Vance McDonaldV. McDonald,10,75.0,0,0,0,0,0,0,0,0,0,0,30,326,3,0,0,0
Arian FosterA. Foster,9,74.0,0,0,0,0,0,0,63,163,1,0,22,227,2,0,1,0
Jonathan GrimesJ. Grimes,9,74.0,1,0,0,0,0,0,56,282,1,1,26,173,1,0,0,0
Clive WalfordC. Walford,6,74.0,0,0,0,0,0,0,0,0,0,0,28,329,3,0,0,0
Vernon DavisV. Davis,7,73.0,0,0,0,0,0,0,0,0,0,0,38,395,0,0,0,0
Leonard HankersonL. Hankerson,8,73.0,0,0,0,0,0,0,0,0,0,0,26,327,3,0,0,0
C.J. SpillerC. Spiller,11,73.0,0,0,0,0,0,0,36,112,0,0,34,239,2,0,0,0
Jarius WrightJ. Wright,5,73.0,0,0,0,0,0,0,1,29,0,0,34,442,0,0,1,0
Jerick McKinnonJ. McKinnon,5,72.0,0,0,0,0,0,0,52,271,2,0,21,173,1,0,0,0
Brandon WeedenB. Weeden,9,72.0,140,97,1043,5,2,0,16,47,1,0,0,0,0,0,1,0
Shaun DraughnS. Draughn,10,71.0,0,0,0,0,0,0,78,273,1,0,27,176,0,0,0,0
Mike TolbertM. Tolbert,5,71.0,0,0,0,0,0,0,62,256,1,0,18,154,3,0,0,0
Josh HuffJ. Huff,8,70.0,0,0,0,0,0,0,0,0,0,0,27,312,3,0,0,0
Joseph RandleJ. Randle,6,70.0,0,0,0,0,0,0,76,315,4,0,10,86,0,0,0,0
Marcel ReeceM. Reece,6,70.0,0,0,0,0,0,0,10,36,0,0,30,269,3,0,0,0
Matt CasselM. Cassel,6,69.0,204,119,1276,5,7,1,15,78,0,0,0,0,0,0,0,0
Quinton PattonQ. Patton,10,69.0,0,0,0,0,0,0,1,5,0,0,30,394,1,0,0,0
Scott ChandlerS. Chandler,8,68.0,0,0,0,0,0,0,0,0,0,0,23,259,4,0,0,0
Andre EllingtonA. Ellington,9,68.0,0,0,0,0,0,0,45,289,3,0,15,148,0,0,1,0
Bryan WaltersB. Walters,8,68.0,1,0,0,0,0,0,0,0,0,0,32,368,1,0,0,0
Fred JacksonF. Jackson,8,67.0,0,0,0,0,0,0,26,100,0,0,32,257,2,0,1,0
Brandon BoldenB. Bolden,4,65.0,0,0,0,0,0,0,63,207,0,0,19,180,2,0,0,0
Darren FellsD. Fells,9,65.0,0,0,0,0,0,0,0,0,0,0,21,311,3,0,0,0
A.J. McCarronA. McCarron,7,65.0,119,79,854,6,2,0,14,31,0,0,0,0,0,0,1,0
Cameron BrateC. Brate,6,64.0,0,0,0,0,0,0,0,0,0,0,23,288,3,0,0,0
Jeremy ButlerJ. Butler,9,64.0,0,0,0,0,0,0,0,0,0,0,31,363,0,0,0,0
Khiry RobinsonK. Robinson,11,63.0,0,0,0,0,0,0,56,180,4,0,17,115,0,0,0,0
Eddie RoyalE. Royal,7,63.0,0,0,0,0,0,0,1,-1,0,0,37,238,1,0,0,0
Riley CooperR. Cooper,8,62.0,0,0,0,0,0,0,0,0,0,0,21,327,2,0,0,0
Anthony FasanoA. Fasano,4,62.0,0,0,0,0,0,0,0,0,0,0,26,289,2,0,0,0
Darrius Heyward-BeyD. Heyward-Bey,11,61.0,0,0,0,0,0,0,0,0,0,0,21,314,2,0,0,0
Mychal RiveraM. Rivera,6,61.0,0,0,0,0,0,0,0,0,0,0,32,280,1,0,0,0
Maxx WilliamsM. Williams,9,61.0,0,0,0,0,0,0,0,0,0,0,32,268,1,0,0,0
Chris PolkC. Polk,9,60.0,0,0,0,0,0,0,99,334,1,0,16,109,1,0,0,0
Denard RobinsonD. Robinson,8,60.0,0,0,0,0,0,0,67,266,1,0,21,164,0,0,1,0
Larry DonnellL. Donnell,11,59.0,0,0,0,0,0,0,0,0,0,0,29,223,2,0,0,0
Chris GivensC. Givens,9,57.0,0,0,0,0,0,0,4,18,0,0,20,353,1,0,0,0
Keshawn MartinK. Martin,4,57.0,0,0,0,0,0,0,1,6,0,0,24,269,2,0,1,0
Benny CunninghamB. Cunningham,6,56.0,0,0,0,0,0,0,37,140,0,0,26,250,0,0,0,0
Ryan GrantR. Grant,8,56.0,0,0,0,0,0,0,0,0,0,0,23,268,2,0,0,0
Adam HumphriesA. Humphries,6,56.0,0,0,0,0,0,0,0,0,0,0,27,260,1,0,0,0
Lance KendricksL. Kendricks,6,56.0,0,0,0,0,0,0,0,0,0,0,25,245,2,0,0,0
Andre HolmesA. Holmes,6,55.0,0,0,0,0,0,0,0,0,0,0,14,201,4,0,0,0
Bishop SankeyB. Sankey,4,54.0,0,0,0,0,0,0,47,193,1,0,14,139,1,0,1,0
Nelson AgholorN. Agholor,8,53.0,0,0,0,0,0,0,0,0,0,0,23,283,1,0,1,0
Ryan GriffinR. Griffin,9,53.0,0,0,0,0,0,0,0,0,0,0,20,251,2,0,0,0
Garrett CelekG. Celek,10,52.0,0,0,0,0,0,0,0,0,0,0,19,186,3,0,0,0
Andrew HawkinsA. Hawkins,11,51.0,0,0,0,0,0,0,0,0,0,0,27,276,0,1,1,0
Case KeenumC. Keenum,6,51.0,125,76,828,4,1,0,12,5,0,0,0,0,0,0,2,0
J.J. NelsonJ. Nelson,9,51.0,0,0,0,0,0,0,1,0,0,0,11,299,2,0,1,0
Tony RomoT. Romo,6,50.0,121,83,884,5,7,0,4,13,0,0,0,0,0,0,1,0
Josh BellamyJ. Bellamy,7,49.0,0,0,0,0,0,0,0,0,0,0,19,224,2,0,0,0
Taylor GabrielT. Gabriel,11,49.0,0,0,0,0,0,0,0,0,0,0,28,241,0,1,1,0
Mike GillisleeM. Gillislee,9,49.0,0,0,0,0,0,0,47,267,3,0,6,29,0,0,1,0
Justin HunterJ. Hunter,4,49.0,0,0,0,0,0,0,0,0,0,0,22,264,1,0,0,0
Quincy EnunwaQ. Enunwa,5,48.0,0,0,0,0,0,0,0,0,0,0,22,315,0,0,0,0
Marc MarianiM. Mariani,7,48.0,0,0,0,0,0,0,0,0,0,0,22,300,0,0,1,0
Zach MettenbergerZ. Mettenberger,4,48.0,166,101,935,4,7,0,9,8,1,0,0,0,0,0,2,0
Lance DunbarL. Dunbar,6,47.0,0,0,0,0,0,0,5,67,0,0,21,215,0,0,0,0
Percy HarvinP. Harvin,5,45.0,0,0,0,0,0,0,5,31,0,0,19,218,1,0,0,0
Tre MasonT. Mason,6,45.0,0,0,0,0,0,0,75,207,1,0,18,88,0,0,1,0
Jaelen StrongJ. Strong,9,45.0,0,0,0,0,0,0,0,0,0,0,14,161,3,0,0,0
Donald BrownD. Brown,10,43.0,0,0,0,0,0,0,59,229,1,0,8,88,0,0,0,0
Ed DicksonE. Dickson,5,43.0,0,0,0,0,0,0,0,0,0,0,17,121,2,0,0,1
E.J. ManuelE. Manuel,8,43.0,84,52,561,3,3,0,17,64,1,0,0,0,0,0,1,0
Tevin ColemanT. Coleman,10,42.0,0,0,0,0,0,0,87,392,1,0,2,14,0,0,3,0
De'Anthony ThomasD. Thomas,9,42.0,0,0,0,0,0,0,9,34,1,0,17,140,1,0,1,0
Phillip DorsettP. Dorsett,10,41.0,0,0,0,0,0,0,3,17,0,0,18,225,1,0,1,0
Greg JenningsG. Jennings,5,41.0,0,0,0,0,0,0,0,0,0,0,19,208,1,0,0,0
Jeremy KerleyJ. Kerley,5,41.0,0,0,0,0,0,0,0,0,0,0,16,152,2,0,0,0
Kellen MooreK. Moore,6,41.0,104,61,779,4,6,0,2,-1,0,0,0,0,0,0,1,0
Nick WilliamsN. Williams,10,41.0,0,0,0,0,0,0,0,0,0,0,17,159,2,0,0,0
Miles AustinM. Austin,8,40.0,0,0,0,0,0,0,0,0,0,0,13,224,1,0,0,0
Travaris CadetT. Cadet,11,40.0,1,0,0,0,0,0,11,28,0,0,17,214,1,0,1,0
Jermaine GreshamJ. Gresham,9,40.0,0,0,0,0,0,0,0,0,0,0,18,223,1,0,0,0
Javontee HerndonJ. Herndon,10,40.0,0,0,0,0,0,0,1,13,0,0,24,195,0,0,1,0
Griff WhalenG. Whalen,10,40.0,0,0,0,0,0,0,0,0,0,0,19,205,1,0,2,0
Damien WilliamsD. Williams,5,40.0,0,0,0,0,0,0,16,59,0,0,21,142,1,0,1,0
Chris ConleyC. Conley,9,39.0,0,0,0,0,0,0,0,0,0,0,17,199,1,0,0,0
Ty MontgomeryT. Montgomery,7,39.0,0,0,0,0,0,0,3,14,0,0,15,136,2,0,0,0
Mark SanchezM. Sanchez,8,39.0,91,59,616,4,4,0,6,22,0,0,0,0,0,0,1,0
Luke WillsonL. Willson,9,39.0,0,0,0,0,0,0,0,0,0,0,17,213,1,0,0,0
Jay AjayiJ. Ajayi,5,38.0,0,0,0,0,0,0,49,187,1,1,7,90,0,0,0,0
Ahmad BradshawA. Bradshaw,10,38.0,0,0,0,0,0,0,31,85,0,0,10,64,3,0,0,0
Marqise LeeM. Lee,8,38.0,0,0,0,0,0,0,5,38,0,0,15,191,1,0,0,0
Josh HillJ. Hill,11,37.0,0,0,0,0,0,0,0,0,0,0,16,120,2,0,0,0
Jordan NorwoodJ. Norwood,7,37.0,0,0,0,0,0,0,0,0,0,0,22,207,0,0,0,0
Brice ButlerB. Butler,6,36.0,0,0,0,0,0,0,0,0,0,0,12,258,0,0,0,0
Rashad GreeneR. Greene,8,36.0,0,0,0,0,0,0,0,0,0,0,19,93,2,0,0,0
Justin HardyJ. Hardy,10,36.0,0,0,0,0,0,0,0,0,0,0,21,194,0,0,0,0
Jimmy ClausenJ. Clausen,9,35.0,125,72,739,2,4,0,11,36,0,0,0,0,0,0,0,0
Stedman BaileyS. Bailey,6,34.0,0,0,0,0,0,0,0,0,0,0,12,182,1,0,0,0
Ka'Deem CareyK. Carey,7,34.0,0,0,0,0,0,0,43,159,2,0,3,19,1,0,1,0
Clay HarborC. Harbor,8,34.0,0,0,0,0,0,0,0,0,0,0,14,149,1,1,0,0
DuJuan HarrisD. Harris,10,34.0,0,0,0,0,0,0,48,189,0,0,9,97,0,0,1,0
C.J. FiedorowiczC. Fiedorowicz,9,33.0,0,0,0,0,0,0,0,0,0,0,17,167,1,0,1,0
Bennie FowlerB. Fowler,7,33.0,0,0,0,0,0,0,0,0,0,0,16,203,0,0,0,0
Michael HoomanawanuiM. Hoomanawanui,11,33.0,0,0,0,0,0,0,1,0,0,0,11,76,3,0,1,0
Marcedes LewisM. Lewis,8,33.0,0,0,0,0,0,0,0,0,0,0,16,226,0,0,0,0
Matt AsiataM. Asiata,5,32.0,0,0,0,0,0,0,29,112,0,0,19,132,0,0,0,0
Nick BoyleN. Boyle,9,32.0,0,0,0,0,0,0,0,0,0,0,18,153,0,1,0,0
Matt SchaubM. Schaub,6,32.0,80,52,540,3,4,0,4,10,0,0,0,0,0,0,0,0
Craig StevensC. Stevens,4,32.0,0,0,0,0,0,0,0,0,0,0,12,121,2,0,0,0
Kenbrell ThompkinsK. Thompkins,5,32.0,0,0,0,0,0,0,0,0,0,0,17,165,0,0,0,0
Michael VickM. Vick,11,32.0,66,40,371,2,1,0,20,99,0,0,0,0,0,0,0,0
Derek CarrierD. Carrier,8,31.0,0,0,0,0,0,0,0,0,0,0,17,141,1,0,0,0
Patrick DiMarcoP. DiMarco,10,31.0,0,0,0,0,0,0,1,0,0,0,13,110,2,0,0,0
Virgil GreenV. Green,7,31.0,0,0,0,0,0,0,0,0,0,0,12,173,1,0,0,0
Chris MatthewsC. Matthews,9,31.0,0,0,0,0,0,0,0,0,0,0,13,151,1,0,0,0
Dion SimsD. Sims,5,31.0,0,0,0,0,0,0,0,0,0,0,18,127,1,0,1,0
Adam ThielenA. Thielen,5,31.0,0,0,0,0,0,0,4,89,0,0,12,144,0,0,0,0
Robert TurbinR. Turbin,6,31.0,0,0,0,0,0,0,50,199,1,0,7,23,0,0,0,0
Fozzy WhittakerF. Whittaker,5,31.0,0,0,0,0,0,0,25,108,1,0,12,64,0,0,0,0
Cameron Artis-PayneC. Artis-Payne,5,30.0,0,0,0,0,0,0,45,183,1,0,5,58,0,0,0,0
Blake BellB. Bell,10,30.0,0,0,0,0,0,0,0,0,0,0,15,186,0,0,0,0
Zach LineZ. Line,5,30.0,0,0,0,0,0,0,6,10,2,0,6,95,1,0,0,0
Branden OliverB. Oliver,10,30.0,0,0,0,0,0,0,31,108,0,0,13,112,0,0,0,0
Rashad RossR. Ross,8,30.0,0,0,0,0,0,0,0,0,0,0,8,184,1,0,0,0
Dwayne AllenD. Allen,10,29.0,0,0,0,0,0,0,1,1,0,0,16,109,1,0,0,0
Jonas GrayJ. Gray,8,29.0,0,0,0,0,0,0,45,176,0,0,7,76,0,0,0,0
Andre WilliamsA. Williams,11,29.0,0,0,0,0,0,0,88,257,1,1,1,7,0,0,0,0
Jaron BrownJ. Brown,9,28.0,0,0,0,0,0,0,0,0,0,0,11,144,1,0,0,0
Tyler KroftT. Kroft,7,28.0,0,0,0,0,0,0,0,0,0,0,11,129,1,0,0,0
Louis MurphyL. Murphy,6,28.0,0,0,0,0,0,0,0,0,0,0,10,198,0,0,0,0
Jamize OlawaleJ. Olawale,6,28.0,0,0,0,0,0,0,24,110,1,0,9,84,0,0,0,0
T.J. YatesT. Yates,9,28.0,57,28,370,3,1,0,6,0,0,0,0,0,0,0,1,0
Donteea DyeD. Dye,6,27.0,0,0,0,0,0,0,0,0,0,0,11,132,1,0,0,0
Rhett EllisonR. Ellison,5,27.0,0,0,0,0,0,0,0,0,0,0,11,124,1,0,0,0
Landry JonesL. Jones,11,27.0,55,32,513,3,4,0,5,-5,0,0,0,0,0,0,1,0
Bruce MillerB. Miller,10,27.0,0,0,0,0,0,0,6,14,1,0,10,135,0,0,0,0
Andre CaldwellA. Caldwell,7,26.0,0,0,0,0,0,0,1,3,0,0,10,72,2,0,0,0
T.J. JonesT. Jones,9,26.0,0,0,0,0,0,0,1,-3,0,0,10,132,1,0,1,0
Timothy WrightT. Wright,9,26.0,0,0,0,0,0,0,0,0,0,0,9,77,2,0,0,0
Christine MichaelC. Michael,9,25.0,0,0,0,0,0,0,54,243,0,0,3,16,0,0,0,0
Zac StacyZ. Stacy,6,25.0,0,0,0,0,0,0,31,89,1,0,9,65,0,0,0,0
Terron WardT. Ward,10,25.0,0,0,0,0,0,0,29,95,1,0,9,73,0,0,0,0
Jason AvantJ. Avant,9,24.0,0,0,0,0,0,0,0,0,0,0,15,119,0,0,0,0
Bruce EllingtonB. Ellington,10,24.0,0,0,0,0,0,0,1,7,0,0,13,153,0,0,1,0
Chris GraggC. Gragg,8,24.0,0,0,0,0,0,0,0,0,0,0,12,150,0,0,0,0
Cooper HelfetC. Helfet,9,24.0,0,0,0,0,0,0,0,0,0,0,13,130,0,0,0,0
Darius JenningsD. Jennings,11,24.0,0,0,0,0,0,0,0,0,0,0,14,117,0,0,0,0
Keith MumpheryK. Mumphery,9,24.0,0,0,0,0,0,0,0,0,0,0,14,129,0,0,0,0
Justin PerilloJ. Perillo,7,24.0,0,0,0,0,0,0,0,0,0,0,11,102,1,0,0,0
Orleans DarkwaO. Darkwa,11,23.0,0,0,0,0,0,0,36,153,1,0,3,31,0,0,0,0
Aaron DobsonA. Dobson,4,23.0,0,0,0,0,0,0,0,0,0,0,13,141,0,0,0,0
Roy HeluR. Helu,6,23.0,0,0,0,0,0,0,17,39,0,0,9,75,1,0,0,0
Taiwan JonesT. Jones,6,23.0,0,0,0,0,0,0,16,74,0,0,7,106,1,0,1,0
John KuhnJ. Kuhn,7,23.0,0,0,0,0,0,0,9,28,2,0,6,56,0,0,0,0
Devin SmithD. Smith,5,23.0,0,0,0,0,0,0,0,0,0,0,9,115,1,0,1,0
Geno SmithG. Smith,5,23.0,42,27,265,2,1,0,2,34,0,0,0,0,0,0,0,0
Terrance WestT. West,9,23.0,0,0,0,0,0,0,62,231,0,0,4,21,0,0,2,0
Jack DoyleJ. Doyle,10,22.0,0,0,0,0,0,0,0,0,0,0,12,72,1,0,0,0
Brandon MyersB. Myers,6,22.0,0,0,0,0,0,0,0,0,0,0,12,127,0,0,0,0
Pierre ThomasP. Thomas,8,22.0,0,0,0,0,0,0,15,64,0,0,9,84,0,0,0,0
Marlon BrownM. Brown,9,21.0,0,0,0,0,0,0,0,0,0,0,14,112,0,0,0,0
Austin DavisA. Davis,11,21.0,94,56,547,1,3,0,7,33,0,0,0,0,0,0,2,0
Andre RobertsA. Roberts,8,21.0,0,0,0,0,0,0,0,0,0,0,11,135,0,0,0,0
Lee SmithL. Smith,6,21.0,0,0,0,0,0,0,0,0,0,0,12,70,1,0,0,0
Wes WelkerW. Welker,6,21.0,0,0,0,0,0,0,0,0,0,0,13,102,0,0,0,0
Kenjon BarnerK. Barner,8,20.0,0,0,0,0,0,0,28,124,0,0,9,22,0,0,1,0
Chase CoffmanC. Coffman,9,20.0,0,0,0,0,0,0,0,0,0,0,8,71,1,0,0,0
Jesse JamesJ. James,11,20.0,0,0,0,0,0,0,0,0,0,0,8,56,1,1,0,0
Cameron MeredithC. Meredith,7,20.0,0,0,0,0,0,0,0,0,0,0,11,120,0,0,0,0
Marlon MooreM. Moore,11,20.0,0,0,0,0,0,0,0,0,0,0,7,81,1,0,0,0
John PhillipsJ. Phillips,10,20.0,0,0,0,0,0,0,0,0,0,0,10,69,1,0,0,0
Jake StoneburnerJ. Stoneburner,5,20.0,0,0,0,0,0,0,0,0,0,0,5,47,2,0,0,0
Devin StreetD. Street,6,20.0,0,0,0,0,0,0,0,0,0,0,7,114,1,0,1,0
Kerwynn WilliamsK. Williams,9,20.0,0,0,0,0,0,0,27,142,1,0,2,16,0,0,1,0
Rex BurkheadR. Burkhead,7,19.0,0,0,0,0,0,0,4,4,0,0,10,94,1,0,1,0
David CobbD. Cobb,4,19.0,0,0,0,0,0,0,52,146,1,0,1,-2,0,0,0,0
Jalston FowlerJ. Fowler,4,19.0,0,0,0,0,0,0,7,13,1,0,5,44,1,0,0,0
Charles JohnsonC. Johnson,5,19.0,0,0,0,0,0,0,0,0,0,0,9,127,0,0,0,0
Bradley MarquezB. Marquez,6,19.0,0,0,0,0,0,0,0,0,0,0,13,88,0,0,0,0
Luke StockerL. Stocker,6,19.0,0,0,0,0,0,0,0,0,0,0,9,61,1,0,0,0
Myles WhiteM. White,11,19.0,0,0,0,0,0,0,0,0,0,0,7,88,1,0,0,0
Jared AbbrederisJ. Abbrederis,7,18.0,0,0,0,0,0,0,0,0,0,0,9,111,0,0,0,0
Brenton BersinB. Bersin,5,18.0,0,0,0,0,0,0,0,0,0,0,9,119,0,0,1,0
Gavin EscobarG. Escobar,6,18.0,0,0,0,0,0,0,0,0,0,0,8,64,1,0,1,0
Demetrius HarrisD. Harris,9,18.0,0,0,0,0,0,0,0,0,0,0,7,74,1,0,0,0
Troy NiklasT. Niklas,9,18.0,0,0,0,0,0,0,0,0,0,0,4,33,2,0,0,0
Anthony DixonA. Dixon,8,17.0,0,0,0,0,0,0,21,44,1,0,6,44,0,0,0,0
Kendall GaskinsK. Gaskins,10,17.0,0,0,0,0,0,0,16,38,0,0,8,69,0,0,0,0
Cody LatimerC. Latimer,7,17.0,0,0,0,0,0,0,2,1,0,0,6,59,1,0,0,0
Brandon PettigrewB. Pettigrew,9,17.0,0,0,0,0,0,0,0,0,0,0,7,67,1,0,0,0
Brian QuickB. Quick,6,17.0,0,0,0,0,0,0,0,0,0,0,10,102,0,0,0,0
Lorenzo TaliaferroL. Taliaferro,9,17.0,0,0,0,0,0,0,13,47,1,0,5,29,0,0,0,0
Tyrell WilliamsT. Williams,10,17.0,0,0,0,0,0,0,0,0,0,0,2,90,1,0,0,0
Ricardo LocketteR. Lockette,9,16.0,0,0,0,0,0,0,0,0,0,0,4,69,1,0,0,0
Jerome SimpsonJ. Simpson,10,16.0,0,0,0,0,0,0,0,0,0,0,5,54,1,0,0,0
Dan HerronD. Herron,10,15.0,0,0,0,0,0,0,25,79,0,0,9,47,0,0,0,0
MyCole PruittM. Pruitt,5,15.0,0,0,0,0,0,0,0,0,0,0,10,89,0,0,0,0
Michael BurtonM. Burton,9,14.0,0,0,0,0,0,0,4,2,0,0,6,39,1,0,0,0
James HannaJ. Hanna,6,14.0,0,0,0,0,0,0,0,0,0,0,9,79,0,0,0,0
Akeem HuntA. Hunt,11,14.0,0,0,0,0,0,0,17,96,0,0,6,39,0,0,0,0
Matt McGloinM. McGloin,6,14.0,32,23,142,2,1,0,0,0,0,0,0,0,0,0,1,0
Tony MoeakiT. Moeaki,10,14.0,0,0,0,0,0,0,0,0,0,0,3,58,1,0,0,0
Lucky WhiteheadL. Whitehead,6,14.0,0,0,0,0,0,0,10,107,0,0,6,16,0,0,1,0
Michael CampanaroM. Campanaro,9,13.0,0,0,0,0,0,0,2,17,1,0,5,35,0,0,0,0
Knile DavisK. Davis,9,13.0,0,0,0,0,0,0,28,72,1,0,2,24,0,0,0,0
Mike DavisM. Davis,10,13.0,0,0,0,0,0,0,35,58,0,0,7,38,0,0,0,0
Ryan HewittR. Hewitt,7,13.0,0,0,0,0,0,0,0,0,0,0,8,99,0,0,0,0
Steven JacksonS. Jackson,4,13.0,0,0,0,0,0,0,21,50,1,0,1,20,0,0,0,0
James O'ShaughnessyJ. O'Shaughnessy,9,13.0,0,0,0,0,0,0,0,0,0,0,6,87,0,0,0,0
Chris OwusuC. Owusu,5,13.0,0,0,0,0,0,0,0,0,0,0,6,80,0,0,0,0
Jeremy RossJ. Ross,6,13.0,0,0,0,0,0,0,1,2,0,0,9,88,0,0,3,0
Brandon TateB. Tate,7,13.0,0,0,0,0,0,0,0,0,0,0,2,59,1,0,0,0
Juwan ThompsonJ. Thompson,7,13.0,0,0,0,0,0,0,18,48,0,0,6,51,0,0,0,0
Bryce BrownB. Brown,8,12.0,0,0,0,0,0,0,25,72,1,0,0,0,0,0,0,0
Jerome CunninghamJ. Cunningham,11,12.0,0,0,0,0,0,0,0,0,0,0,8,59,0,0,0,0
Marcus EasleyM. Easley,8,12.0,0,0,0,0,0,0,0,0,0,0,1,58,1,0,0,0
Austin JohnsonA. Johnson,11,12.0,0,0,0,0,0,0,4,9,1,0,5,30,0,0,0,0
Will TukuafuW. Tukuafu,9,12.0,0,0,0,0,0,0,4,1,1,0,1,7,1,0,1,0
Daniel BrownD. Brown,9,11.0,0,0,0,0,0,0,0,0,0,0,6,64,0,0,0,0
Jeff CumberlandJ. Cumberland,5,11.0,0,0,0,0,0,0,0,0,0,0,5,77,0,0,0,0
Daniel FellsD. Fells,11,11.0,0,0,0,0,0,0,0,0,0,0,6,60,0,0,0,0
Josh FreemanJ. Freeman,10,11.0,28,15,149,1,1,0,8,24,0,0,0,0,0,0,0,0
Will JohnsonW. Johnson,11,11.0,0,0,0,0,0,0,4,7,1,0,2,16,0,1,0,0
Luke McCownL. McCown,11,11.0,39,32,335,0,1,0,0,0,0,0,0,0,0,0,0,0
Colt McCoyC. McCoy,8,11.0,11,7,128,1,0,0,3,-3,0,0,0,0,0,0,0,0
Dan OrlovskyD. Orlovsky,9,11.0,40,22,201,1,1,0,0,0,0,0,0,0,0,0,0,0
Stevan RidleyS. Ridley,5,11.0,0,0,0,0,0,0,36,90,0,0,4,-2,0,0,0,0
Dwayne BoweD. Bowe,9,10.0,0,0,0,0,0,0,0,0,0,0,5,53,0,0,0,0
Jim DrayJ. Dray,11,10.0,0,0,0,0,0,0,0,0,0,0,6,61,0,0,0,0
Garrett GrahamG. Graham,9,10.0,0,0,0,0,0,0,0,0,0,0,4,30,1,0,0,0
Jarryd HayneJ. Hayne,10,10.0,0,0,0,0,0,0,17,52,0,0,6,27,0,0,1,0
Hakeem NicksH. Nicks,11,10.0,0,0,0,0,0,0,0,0,0,0,7,54,0,0,0,0
Russell ShepardR. Shepard,6,10.0,0,0,0,0,0,0,0,0,0,0,3,28,1,0,0,0
Zurlon TiptonZ. Tipton,10,10.0,0,0,0,0,0,0,5,20,0,0,5,57,0,0,0,0
Levine ToiloloL. Toilolo,10,10.0,0,0,0,0,0,0,0,0,0,0,7,44,0,1,0,0
Kellen DavisK. Davis,5,9.0,0,0,0,0,0,0,0,0,0,0,3,18,1,0,0,0
Corey FullerC. Fuller,9,9.0,0,0,0,0,0,0,0,0,0,0,4,76,0,0,1,0
Jeff JanisJ. Janis,7,9.0,0,0,0,0,0,0,0,0,0,0,2,79,0,0,0,0
Josh RobinsonJ. Robinson,10,9.0,0,0,0,0,0,0,17,39,0,0,6,33,0,0,1,0
Alex TanneyA. Tanney,10,9.0,14,10,99,1,0,0,0,0,0,0,0,0,0,0,0,0
Deonte ThompsonD. Thompson,7,9.0,0,0,0,0,0,0,0,0,0,0,2,81,0,0,0,0
Tommy BohanonT. Bohanon,5,8.0,0,0,0,0,0,0,2,2,0,0,4,56,0,0,0,0
Kellen ClemensK. Clemens,10,8.0,6,5,63,1,0,0,1,-1,0,0,0,0,0,0,0,0
Toby GerhartT. Gerhart,8,8.0,0,0,0,0,0,0,20,44,0,0,3,23,0,0,0,0
Ryan LindleyR. Lindley,10,8.0,10,6,58,1,0,0,0,0,0,0,0,0,0,0,0,0
Tre McBrideT. McBride,4,8.0,0,0,0,0,0,0,1,8,0,0,2,8,1,0,0,0
Ryan NassibR. Nassib,11,8.0,5,5,68,1,0,0,0,0,0,0,0,0,0,0,0,0
Preston ParkerP. Parker,11,8.0,0,0,0,0,0,0,0,0,0,0,5,40,0,0,0,0
Trey BurtonT. Burton,8,7.0,0,0,0,0,0,0,0,0,0,0,3,54,0,0,0,0
Reggie BushR. Bush,10,7.0,0,0,0,0,0,0,8,28,0,0,4,19,0,0,0,0
Greg SalasG. Salas,8,7.0,0,0,0,0,0,0,0,0,0,0,3,41,0,0,0,0
Anthony ShermanA. Sherman,9,7.0,0,0,0,0,0,0,1,0,0,0,4,34,0,0,0,0
T.J. GrahamT. Graham,5,6.0,0,0,0,0,0,0,0,0,0,0,4,24,0,0,0,0
Cory HarkeyC. Harkey,6,6.0,0,0,0,0,0,0,0,0,0,0,5,26,0,0,0,0
Andrew QuarlessA. Quarless,7,6.0,0,0,0,0,0,0,0,0,0,0,4,31,0,0,0,0
Kevin SmithK. Smith,9,6.0,0,0,0,0,0,0,0,0,0,0,3,43,0,0,0,0
Darrel YoungD. Young,8,6.0,0,0,0,0,0,0,6,10,0,0,6,22,0,0,0,0
Zach ZennerZ. Zenner,9,6.0,0,0,0,0,0,0,17,60,0,0,2,11,0,0,0,0
Rob HouslerR. Housler,7,5.0,0,0,0,0,0,0,0,0,0,0,4,33,0,0,0,0
Joey IosefaJ. Iosefa,4,5.0,0,0,0,0,0,0,15,51,0,0,0,0,0,0,0,0
Malcolm JohnsonM. Johnson,11,5.0,0,0,0,0,0,0,0,0,0,0,4,15,0,0,0,0
Matt LaCosseM. LaCosse,11,5.0,0,0,0,0,0,0,0,0,0,0,3,22,0,0,0,0
Terrelle PryorT. Pryor,9,5.0,0,0,0,0,0,0,1,-1,0,0,1,42,0,0,0,0
Paul RichardsonP. Richardson,9,5.0,0,0,0,0,0,0,0,0,0,0,1,40,0,0,0,0
Stepfan TaylorS. Taylor,9,5.0,0,0,0,0,0,0,17,58,0,0,1,4,0,0,0,0
Fitzgerald ToussaintF. Toussaint,11,5.0,0,0,0,0,0,0,18,42,0,0,0,0,0,1,0,0
Marquise GoodwinM. Goodwin,8,4.0,0,0,0,0,0,0,0,0,0,0,2,24,0,0,0,0
Nick O'LearyN. O'Leary,8,4.0,0,0,0,0,0,0,0,0,0,0,1,37,0,0,0,0
Jacquizz RodgersJ. Rodgers,7,4.0,0,0,0,0,0,0,14,41,0,0,1,10,0,0,0,0
Phillip SupernawP. Supernaw,4,4.0,0,0,0,0,0,0,0,0,0,0,3,32,0,0,1,0
Andrew TurzilliA. Turzilli,10,4.0,0,0,0,0,0,0,0,0,0,0,2,25,0,0,0,0
Michael WilliamsM. Williams,4,4.0,0,0,0,0,0,0,0,0,0,0,3,26,0,0,0,0
Chandler WorthyC. Worthy,9,4.0,0,0,0,0,0,0,0,0,0,0,3,14,0,0,0,0
Vincent BrownV. Brown,10,3.0,0,0,0,0,0,0,0,0,0,0,1,22,0,0,0,0
Derrick ColemanD. Coleman,9,3.0,0,0,0,0,0,0,8,32,0,0,1,0,0,0,0,0
B.J. DanielsB. Daniels,9,3.0,2,1,7,0,0,0,6,6,0,0,2,18,0,0,0,0
Geremy DavisG. Davis,11,3.0,0,0,0,0,0,0,0,0,0,0,2,21,0,0,0,0
Roosevelt NixR. Nix,11,3.0,0,0,0,0,0,0,0,0,0,0,2,16,0,0,0,0
Bernard PierceB. Pierce,8,3.0,0,0,0,0,0,0,6,11,0,0,3,7,0,0,0,0
Bobby RaineyB. Rainey,6,3.0,0,0,0,0,0,0,5,18,0,0,3,16,0,0,1,0
Darren WallerD. Waller,9,3.0,0,0,0,0,0,0,0,0,0,0,2,18,0,0,0,0
DeAndrew WhiteD. White,10,3.0,0,0,0,0,0,0,0,0,0,0,2,18,0,0,0,0
Charlie WhitehurstC. Whitehurst,4,3.0,32,16,150,0,1,0,2,1,0,0,0,0,0,0,0,0
Mario AlfordM. Alford,7,2.0,0,0,0,0,0,0,0,0,0,0,1,15,0,0,0,0
Malcolm BrownM. Brown,6,2.0,0,0,0,0,0,0,4,17,0,0,1,-2,0,0,0,0
Sammie CoatesS. Coates,11,2.0,0,0,0,0,0,0,0,0,0,0,1,11,0,0,0,0
John CrockettJ. Crockett,7,2.0,0,0,0,0,0,0,9,21,0,0,0,0,0,0,0,0
Jerome FeltonJ. Felton,8,2.0,0,0,0,0,0,0,1,2,0,0,1,12,0,0,0,0
Jonathan KrauseJ. Krause,8,2.0,0,0,0,0,0,0,0,0,0,0,2,11,0,0,0,0
Jorvorskie LaneJ. Lane,6,2.0,0,0,0,0,0,0,1,0,0,0,2,13,0,0,0,0
Tyler MurphyT. Murphy,11,2.0,0,0,0,0,0,0,0,0,0,0,1,16,0,0,0,0
Jay ProschJ. Prosch,9,2.0,0,0,0,0,0,0,6,33,0,0,0,0,0,0,0,0
Aaron RipkowskiA. Ripkowski,7,2.0,0,0,0,0,0,0,0,0,0,0,1,18,0,0,0,0
Scott SimonsonS. Simonson,6,2.0,0,0,0,0,0,0,0,0,0,0,1,10,0,0,0,0
Matt SpaethM. Spaeth,11,2.0,0,0,0,0,0,0,0,0,0,0,2,10,0,0,0,0
Tyler VargaT. Varga,10,2.0,0,0,0,0,0,0,1,2,0,0,1,18,0,0,0,0
Eric WeemsE. Weems,10,2.0,0,0,0,0,0,0,1,4,0,0,1,11,0,0,0,0
Seyi AjirotutuS. Ajirotutu,8,1.0,0,0,0,0,0,0,0,0,0,0,1,4,0,0,0,0
Derek AndersonD. Anderson,5,1.0,6,4,36,0,0,0,7,-2,0,0,0,0,0,0,0,0
E.J. BibbsE. Bibbs,11,1.0,0,0,0,0,0,0,0,0,0,0,1,7,0,0,0,0
Asante ClevelandA. Cleveland,10,1.0,0,0,0,0,0,0,0,0,0,0,1,1,0,0,0,0
Tyler CluttsT. Clutts,6,1.0,0,0,0,0,0,0,0,0,0,0,1,4,0,0,0,0
Ben EdwardsB. Edwards,11,1.0,0,0,0,0,0,0,0,0,0,0,1,9,0,0,0,0
Brittan GoldenB. Golden,9,1.0,0,0,0,0,0,0,0,0,0,0,1,5,0,0,0,0
Corey GrantC. Grant,8,1.0,0,0,0,0,0,0,6,2,0,0,2,13,0,0,1,0
MarQueis GrayM. Gray,8,1.0,0,0,0,0,0,0,0,0,0,0,1,2,0,0,0,0
Alonzo HarrisA. Harris,7,1.0,0,0,0,0,0,0,4,19,0,0,0,0,0,0,0,0
Tarvaris JacksonT. Jackson,9,1.0,6,4,37,0,0,0,8,-8,0,0,0,0,0,0,0,0
Nic JacobsN. Jacobs,8,1.0,0,0,0,0,0,0,0,0,0,0,1,6,0,0,0,0
Khari LeeK. Lee,7,1.0,0,0,0,0,0,0,0,0,0,0,1,7,0,0,0,0
Brian LeonhardtB. Leonhardt,10,1.0,0,0,0,0,0,0,0,0,0,0,1,4,0,0,0,0
Terrence MageeT. Magee,9,1.0,0,0,0,0,0,0,2,5,0,0,1,2,0,0,0,0
Sean MannionS. Mannion,6,1.0,7,6,31,0,0,0,0,0,0,0,0,0,0,0,0,0
Matthew MulliganM. Mulligan,8,1.0,0,0,0,0,0,0,0,0,0,0,1,2,0,0,0,0
Brian ParkerB. Parker,9,1.0,0,0,0,0,0,0,0,0,0,0,1,6,0,0,0,0
Cordarrelle PattersonC. Patterson,5,1.0,0,0,0,0,0,0,2,15,0,0,2,10,0,0,1,0
Antone SmithA. Smith,10,1.0,0,0,0,0,0,0,1,11,0,0,0,0,0,0,0,0
Rod SmithR. Smith,6,1.0,0,0,0,0,0,0,2,5,0,0,1,6,0,0,0,0
Rod StreaterR. Streater,6,1.0,0,0,0,0,0,0,0,0,0,0,1,8,0,0,0,0
Geoff SwaimG. Swaim,6,1.0,0,0,0,0,0,0,0,0,0,0,1,0,0,0,0,0
Jordan TodmanJ. Todman,5,1.0,0,0,0,0,0,0,4,22,0,0,0,0,0,0,0,0
C.J. UzomahC. Uzomah,7,1.0,0,0,0,0,0,0,0,0,0,0,1,4,0,0,0,0
Kasen WilliamsK. Williams,9,1.0,0,0,0,0,0,0,1,5,0,0,1,8,0,0,0,0
Trey WilliamsT. Williams,8,1.0,0,0,0,0,0,0,2,12,0,0,0,0,0,0,0,0
Cierre WoodC. Wood,8,1.0,0,0,0,0,0,0,2,3,0,0,1,-6,0,0,0,0
Chase DanielC. Daniel,9,0.0,2,2,4,0,0,0,2,-2,0,0,0,0,0,0,0,0
Jimmy GaroppoloJ. Garoppolo,4,0.0,4,1,6,0,0,0,5,-5,0,0,0,0,0,0,0,0
Chris HarperC. Harper,4,0.0,0,0,0,0,0,0,0,0,0,0,1,6,0,0,1,0
Shaun HillS. Hill,5,0.0,7,2,15,0,0,0,4,-5,0,0,0,0,0,0,0,0
Kendall HunterK. Hunter,11,0.0,0,0,0,0,0,0,1,2,0,0,0,0,0,0,0,0
Damaris JohnsonD. Johnson,4,0.0,0,0,0,0,0,0,1,6,0,0,0,0,0,0,0,0
David JohnsonD. Johnson,10,0.0,0,0,0,0,0,0,2,4,0,0,1,4,0,0,1,0
Matt MooreM. Moore,5,0.0,1,1,14,0,0,0,3,-2,0,0,0,0,0,0,0,0
Trevor SiemianT. Siemian,7,0.0,0,0,0,0,0,0,1,-1,0,0,0,0,0,0,0,0
Scott TolzienS. Tolzien,7,0.0,1,1,4,0,0,0,3,-3,0,0,0,0,0,0,0,0
Tony WashingtonT. Washington,8,0.0,0,0,0,0,0,0,1,8,0,0,0,0,0,0,0,0
Joe WebbJ. Webb,5,0.0,0,0,0,0,0,0,1,-1,0,0,0,0,0,0,0,0
George WinnG. Winn,9,0.0,0,0,0,0,0,0,4,1,0,0,0,0,0,0,0,0
Frankie HammondF. Hammond,9,-1.0,0,0,0,0,0,0,0,0,0,0,0,0,0,0,1,0
Jacoby JonesJ. Jones,11,-1.0,0,0,0,0,0,0,0,0,0,0,0,0,0,0,1,0
Denarius MooreD. Moore,7,-1.0,0,0,0,0,0,0,0,0,0,0,0,0,0,0,1,0
Raheem MostertR. Mostert,11,-1.0,0,0,0,0,0,0,0,0,0,0,0,0,0,0,1,0
Marcus MurphyM. Murphy,11,-1.0,0,0,0,0,0,0,1,0,0,0,0,0,0,0,1,0
Isaiah PeadI. Pead,6,-1.0,0,0,0,0,0,0,2,3,0,0,0,0,0,0,1,0
Drew StantonD. Stanton,9,-1.0,25,11,104,0,2,0,13,-13,0,0,0,0,0,0,0,0
Glenn WinstonG. Winston,11,-1.0,0,0,0,0,0,0,1,-8,0,0,0,0,0,0,1,0
Sean RenfreeS. Renfree,10,-2.0,7,3,11,0,1,0,1,-4,0,0,0,0,0,0,0,0
Marcus ThigpenM. Thigpen,6,-2.0,0,0,0,0,0,0,1,-1,0,0,0,0,0,0,2,0
