Unnamed: 0_level_0,Unnamed: 1_level_0,Unnamed: 2_level_0,Passing,Passing,Passing,Passing,Passing,Passing,Rushing,Rushing,Rushing,Rushing,Receiving,Receiving,Receiving,Receiving,Fumbles,Fumbles,Pos
Player,Bye,Pts*,Att,Cmp,Yds,TD,Int,2Pt,Att,Yds,TD,2Pt,Rec,Yds,TD,2Pt,FL,TD,
Patrick MahomesP. Mahomes,12,507.0,580,383,5097,50,12,0,60,272,2,1,0,0,0,0,2,0,QB
Matt RyanM. Ryan,8,418.0,608,422,4924,35,7,2,33,125,3,0,1,5,1,0,5,0,QB
Ben RoethlisbergerB. Roethlisberger,7,401.0,675,452,5129,34,16,4,31,98,3,0,1,-1,0,0,2,0,QB
Andrew LuckA. Luck,9,393.0,639,430,4593,39,15,2,46,148,0,0,1,4,0,0,1,0,QB
Deshaun WatsonD. Watson,10,374.0,505,345,4165,26,9,0,99,551,5,0,0,0,0,0,3,0,QB
Jared GoffJ. Goff,12,366.0,561,364,4688,32,12,3,43,108,2,0,0,0,0,0,5,0,QB
Drew BreesD. Brees,6,361.0,489,364,3992,32,5,1,31,22,4,0,1,1,0,0,1,0,QB
Russell WilsonR. Wilson,7,359.0,427,280,3448,35,7,1,67,376,0,0,1,-11,0,0,2,0,QB
Aaron RodgersA. Rodgers,7,352.0,597,372,4442,25,2,2,43,269,2,1,0,0,0,0,3,0,QB
Philip RiversP. Rivers,8,343.0,508,347,4308,32,12,5,18,7,0,0,0,0,0,0,1,0,QB
Kirk CousinsK. Cousins,10,337.0,606,425,4298,30,10,3,44,123,1,0,1,-1,0,0,7,0,QB
Tom BradyT. Brady,11,332.0,570,375,4355,29,11,0,23,35,2,0,1,6,0,0,2,0,QB
Dak PrescottD. Prescott,8,322.0,526,356,3885,22,8,1,75,305,6,1,0,0,0,0,6,0,QB
Cam NewtonC. Newton,4,319.0,471,320,3395,24,13,2,101,488,4,0,0,0,0,0,0,0,QB
Mitchell TrubiskyM. Trubisky,5,301.0,434,289,3223,24,12,4,68,421,3,0,0,0,0,0,3,0,QB
Baker MayfieldB. Mayfield,11,287.0,486,310,3725,27,14,1,39,131,0,0,0,0,0,1,3,0,QB
Eli ManningE. Manning,9,276.0,576,380,4299,21,11,3,15,20,1,0,0,0,0,0,4,0,QB
Derek CarrD. Carr,7,251.0,553,381,4049,19,10,1,24,47,1,0,1,-9,0,0,7,0,QB
Matthew StaffordM. Stafford,6,243.0,555,367,3777,21,11,0,25,71,0,0,0,0,0,0,4,0,QB
Case KeenumC. Keenum,10,240.0,586,365,3890,18,15,0,26,93,2,0,0,0,0,0,2,0,QB
Carson WentzC. Wentz,9,234.0,401,279,3074,21,7,1,34,93,0,0,1,4,0,0,6,0,QB
Jameis WinstonJ. Winston,5,224.0,378,244,2992,19,14,0,49,281,1,0,0,0,0,0,3,0,QB
Josh AllenJ. Allen,11,218.0,320,169,2074,10,12,1,89,631,8,0,0,0,0,0,2,0,QB
Andy DaltonA. Dalton,9,209.0,365,226,2566,21,11,0,16,99,0,0,0,0,0,0,0,0,QB
Ryan FitzpatrickR. Fitzpatrick,5,194.0,246,164,2366,17,12,1,36,152,2,0,0,0,0,0,1,0,QB
Sam DarnoldS. Darnold,11,193.0,414,239,2865,17,15,0,44,138,1,0,0,0,0,0,2,0,QB
Blake BortlesB. Bortles,9,192.0,403,243,2718,13,11,0,58,365,1,0,0,0,0,0,4,0,QB
Marcus MariotaM. Mariota,8,189.0,331,228,2528,11,8,0,64,357,2,0,1,21,0,0,2,0,QB
Ryan TannehillR. Tannehill,11,172.0,274,176,1979,17,9,0,32,145,0,0,1,3,1,0,4,0,QB
Lamar JacksonL. Jackson,10,162.0,170,99,1201,6,3,0,147,695,5,0,0,0,0,0,4,0,QB
Joe FlaccoJ. Flacco,10,156.0,379,232,2465,12,6,0,19,45,0,0,0,0,0,0,1,0,QB
Alex SmithA. Smith,4,152.0,328,205,2180,10,5,0,41,168,1,0,0,0,0,0,1,0,QB
Nick MullensN. Mullens,11,148.0,274,176,2277,13,10,1,18,-16,0,0,0,0,0,0,0,0,QB
Josh RosenJ. Rosen,9,130.0,393,217,2278,11,14,1,23,138,0,0,0,0,0,0,5,0,QB
Jeff DriskelJ. Driskel,9,91.0,176,105,1003,6,2,1,25,130,2,0,0,0,0,0,1,0,QB
C.J. BeathardC. Beathard,11,87.0,169,102,1252,8,7,0,19,69,1,0,0,0,0,0,3,0,QB
Nick FolesN. Foles,9,87.0,195,141,1413,7,4,0,9,17,0,0,1,10,0,0,2,0,QB
Brock OsweilerB. Osweiler,11,76.0,178,113,1247,6,4,1,8,21,0,0,0,0,0,0,1,0,QB
Jimmy GaroppoloJ. Garoppolo,11,56.0,89,53,718,5,3,1,8,33,0,0,0,0,0,0,0,0,QB
Josh JohnsonJ. Johnson,4,52.0,91,52,590,3,4,2,23,120,1,0,0,0,0,0,0,0,QB
Cody KesslerC. Kessler,11,41.0,131,85,709,2,2,0,19,123,0,0,0,0,0,0,3,0,QB
Tyrod TaylorT. Taylor,11,41.0,85,42,473,2,2,0,16,125,1,0,0,0,0,0,0,0,QB
Blaine GabbertB. Gabbert,8,38.0,101,61,626,4,4,0,6,0,0,0,0,0,0,0,0,0,QB
Chase DanielC. Daniel,5,35.0,76,53,515,3,2,0,13,3,0,0,1,8,0,0,0,0,QB
Colt McCoyC. McCoy,4,31.0,54,34,372,3,3,0,10,63,0,0,0,0,0,0,0,0,QB
Kyle AllenK. Allen,4,29.0,31,20,266,2,0,0,5,19,1,0,0,0,0,0,0,0,QB
Taysom HillT. Hill,6,29.0,7,3,64,0,1,0,37,196,2,0,3,4,0,0,1,0,QB
Matt BarkleyM. Barkley,11,21.0,25,15,232,2,0,0,3,-2,0,0,0,0,0,0,0,0,QB
Josh McCownJ. McCown,11,21.0,110,60,539,1,4,0,5,32,0,0,0,0,0,0,0,0,QB
Sam BradfordS. Bradford,9,17.0,80,50,400,2,4,0,2,7,0,0,0,0,0,0,2,0,QB
Taylor HeinickeT. Heinicke,10,14.0,57,35,320,1,3,0,5,31,0,0,0,0,0,0,0,0,QB
Mike GlennonM. Glennon,5,12.0,21,15,174,1,0,0,0,0,0,0,0,0,0,0,0,0,QB
Nathan PetermanN. Peterman,7,11.0,81,44,296,1,7,0,10,50,1,0,0,0,0,0,0,0,QB
Teddy BridgewaterT. Bridgewater,11,9.0,23,14,118,1,1,0,11,5,0,0,0,0,0,0,0,0,QB
Derek AndersonD. Anderson,11,8.0,70,42,465,0,4,0,1,-1,0,0,0,0,0,0,2,0,QB
DeShone KizerD. Kizer,11,6.0,42,20,187,0,2,0,5,39,0,0,0,0,0,0,1,0,QB
Nate SudfeldN. Sudfeld,9,6.0,2,1,22,1,0,0,2,-2,0,0,0,0,0,0,0,0,QB
Joe WebbJ. Webb,10,3.0,0,0,0,0,0,0,0,0,0,0,2,13,0,0,0,0,QB
Garrett GilbertG. Gilbert,4,1.0,3,2,40,0,0,0,0,0,0,0,0,0,0,0,0,0,QB
Chad HenneC. Henne,12,1.0,3,2,29,0,0,0,1,3,0,0,0,0,0,0,0,0,QB
Matt SchaubM. Schaub,8,1.0,7,5,20,0,0,0,1,0,0,0,1,-7,0,0,0,0,QB
Jacoby BrissettJ. Brissett,9,0.0,4,2,2,0,0,0,7,-7,0,0,0,0,0,0,0,0,QB
Matt CasselM. Cassel,6,0.0,17,7,59,0,1,0,2,13,0,0,0,0,0,0,0,0,QB
Robert Griffin IIIR. Griffin,10,0.0,6,2,21,0,0,0,0,0,0,0,0,0,0,0,0,0,QB
Brian HoyerB. Hoyer,11,0.0,2,1,7,0,0,0,11,-8,0,0,0,0,0,0,0,0,QB
Chad KellyC. Kelly,10,0.0,0,0,0,0,0,0,1,-1,0,0,0,0,0,0,0,0,QB
Sean MannionS. Mannion,12,0.0,3,2,23,0,0,0,7,-9,0,0,0,0,0,0,0,0,QB
A.J. McCarronA. McCarron,11,0.0,3,1,8,0,0,0,3,-2,0,0,0,0,0,0,0,0,QB
Brandon WeedenB. Weeden,10,0.0,0,0,0,0,0,0,1,-1,0,0,0,0,0,0,0,0,QB
Joshua DobbsJ. Dobbs,7,-1.0,12,6,43,0,1,0,4,11,0,0,0,0,0,0,0,0,QB
Mark SanchezM. Sanchez,4,-1.0,35,19,138,0,3,0,1,8,0,0,0,0,0,0,0,0,QB
Geno SmithG. Smith,8,-1.0,4,1,8,0,0,0,8,2,0,0,0,0,0,0,1,0,QB
Kyle LaulettaK. Lauletta,9,-2.0,5,0,0,0,1,0,1,-2,0,0,0,0,0,0,0,0,QB
Saquon BarkleyS. Barkley,9,374.0,0,0,0,0,0,0,261,1307,11,1,91,721,4,0,0,0,RB
Christian McCaffreyC. McCaffrey,4,374.0,1,1,50,1,0,0,219,1098,7,0,107,867,6,0,1,0,RB
Todd GurleyT. Gurley,12,361.0,0,0,0,0,0,0,256,1251,17,2,59,580,4,1,1,0,RB
Alvin KamaraA. Kamara,6,340.0,0,0,0,0,0,0,194,883,14,3,81,709,4,0,0,0,RB
Ezekiel ElliottE. Elliott,8,317.0,0,0,0,0,0,0,304,1434,6,0,77,567,3,0,1,0,RB
James ConnerJ. Conner,7,270.0,0,0,0,0,0,0,215,973,12,0,55,497,1,2,2,0,RB
Melvin GordonM. Gordon,8,266.0,0,0,0,0,0,0,175,885,10,1,50,490,4,1,0,0,RB
James WhiteJ. White,11,264.0,0,0,0,0,0,0,94,425,5,0,87,751,7,0,0,0,RB
David JohnsonD. Johnson,9,234.0,0,0,0,0,0,0,258,940,7,1,50,446,3,0,2,0,RB
Joe MixonJ. Mixon,9,233.0,0,0,0,0,0,0,237,1168,8,0,43,296,1,0,0,0,RB
Tarik CohenT. Cohen,5,225.0,1,1,1,1,0,0,99,444,3,0,71,725,5,0,3,0,RB
Kareem HuntK. Hunt,12,223.0,0,0,0,0,0,0,181,824,7,0,26,378,7,0,0,0,RB
Phillip LindsayP. Lindsay,10,213.0,0,0,0,0,0,0,192,1037,9,0,35,241,1,0,0,0,RB
Chris CarsonC. Carson,7,192.0,0,0,0,0,0,0,247,1151,9,0,20,163,0,0,2,0,RB
Kenyan DrakeK. Drake,11,192.0,0,0,0,0,0,0,120,535,4,0,53,477,5,0,1,0,RB
Derrick HenryD. Henry,8,190.0,3,2,14,0,0,0,215,1059,12,0,15,99,0,0,1,0,RB
Nick ChubbN. Chubb,11,187.0,0,0,0,0,0,0,192,996,8,0,20,149,2,0,0,0,RB
Tevin ColemanT. Coleman,8,178.0,0,0,0,0,0,0,167,800,4,0,32,276,5,0,0,0,RB
Adrian PetersonA. Peterson,4,178.0,0,0,0,0,0,0,251,1042,7,0,20,208,1,0,2,0,RB
Jordan HowardJ. Howard,5,170.0,0,0,0,0,0,0,250,935,9,0,20,145,0,0,1,0,RB
Marlon MackM. Mack,9,169.0,0,0,0,0,0,0,195,908,9,2,17,103,1,0,2,0,RB
Lamar MillerL. Miller,10,164.0,0,0,0,0,0,0,210,973,5,0,25,163,1,0,1,0,RB
Aaron JonesA. Jones,7,163.0,0,0,0,0,0,0,133,728,8,0,26,206,1,0,1,0,RB
T.J. YeldonT. Yeldon,9,160.0,0,0,0,0,0,0,104,414,1,0,55,487,4,0,1,0,RB
Austin EkelerA. Ekeler,8,158.0,0,0,0,0,0,0,106,554,3,0,39,404,3,0,1,0,RB
Matt BreidaM. Breida,11,154.0,0,0,0,0,0,0,153,814,3,0,27,261,2,0,1,0,RB
Dion LewisD. Lewis,8,149.0,0,0,0,0,0,0,155,517,1,0,59,400,1,0,1,0,RB
Nyheim HinesN. Hines,9,148.0,0,0,0,0,0,0,85,314,2,0,63,425,2,0,0,0,RB
Jalen RichardJ. Richard,7,147.0,0,0,0,0,0,0,55,259,1,0,68,607,0,0,2,0,RB
Dalvin CookD. Cook,10,145.0,0,0,0,0,0,0,133,615,2,0,40,305,2,0,2,0,RB
Peyton BarberP. Barber,5,140.0,0,0,0,0,0,0,234,871,5,0,20,92,1,0,1,0,RB
Mark IngramM. Ingram,6,135.0,0,0,0,0,0,0,138,645,6,0,21,170,1,0,1,0,RB
Sony MichelS. Michel,11,133.0,0,0,0,0,0,0,209,931,6,0,7,50,0,0,1,0,RB
Kerryon JohnsonK. Johnson,6,132.0,0,0,0,0,0,0,118,641,3,0,32,213,1,0,1,0,RB
Isaiah CrowellI. Crowell,11,130.0,0,0,0,0,0,0,143,685,6,0,21,152,0,0,0,0,RB
Mike DavisM. Davis,7,128.0,0,0,0,0,0,0,112,514,4,0,34,214,1,0,0,0,RB
Latavius MurrayL. Murray,10,121.0,0,0,0,0,0,0,140,578,6,0,22,141,0,1,0,0,RB
Duke JohnsonD. Johnson,11,120.0,0,0,0,0,0,0,40,201,0,2,47,429,3,0,0,0,RB
LeSean McCoyL. McCoy,11,117.0,0,0,0,0,0,0,161,514,3,0,34,238,0,0,0,0,RB
Doug MartinD. Martin,7,115.0,0,0,0,0,0,0,172,723,4,0,18,116,0,0,3,0,RB
Leonard FournetteL. Fournette,9,113.0,0,0,0,0,0,0,133,439,5,0,22,185,1,0,0,0,RB
Wendell SmallwoodW. Smallwood,9,109.0,0,0,0,0,0,0,87,364,3,1,28,230,2,0,1,0,RB
Theo RiddickT. Riddick,6,108.0,0,0,0,0,0,0,40,171,0,0,61,384,0,0,0,0,RB
Alex CollinsA. Collins,10,102.0,0,0,0,0,0,0,114,411,7,0,15,105,1,0,3,0,RB
Jamaal WilliamsJ. Williams,7,102.0,0,0,0,0,0,0,121,464,3,0,27,210,0,1,0,0,RB
Royce FreemanR. Freeman,10,94.0,0,0,0,0,0,0,130,521,5,0,14,72,0,0,1,0,RB
Frank GoreF. Gore,11,94.0,0,0,0,0,0,0,156,722,0,0,12,124,1,0,0,0,RB
Damien WilliamsD. Williams,12,93.0,0,0,0,0,0,0,50,256,4,0,23,160,2,0,1,0,RB
Carlos HydeC. Hyde,9,92.0,0,0,0,0,0,0,172,571,5,0,10,33,0,0,1,0,RB
Ito SmithI. Smith,8,90.0,0,0,0,0,0,0,90,315,4,0,27,152,0,0,0,0,RB
Giovani BernardG. Bernard,9,87.0,0,0,0,0,0,0,56,211,3,0,35,218,0,0,0,0,RB
Alfred BlueA. Blue,10,86.0,0,0,0,0,0,0,150,499,2,0,20,154,0,0,0,0,RB
Javorius AllenJ. Allen,10,85.0,0,0,0,0,0,0,41,110,3,0,35,196,2,0,1,0,RB
Gus EdwardsG. Edwards,10,85.0,0,0,0,0,0,0,137,718,2,1,2,20,0,0,0,0,RB
Jaylen SamuelsJ. Samuels,7,85.0,0,0,0,0,0,0,56,256,0,0,26,199,3,0,0,0,RB
Cordarrelle PattersonC. Patterson,11,84.0,0,0,0,0,0,0,42,228,1,0,21,247,3,0,1,0,RB
Chris ThompsonC. Thompson,4,83.0,0,0,0,0,0,0,43,178,0,0,41,268,1,0,0,0,RB
Elijah McGuireE. McGuire,11,82.0,0,0,0,0,0,0,92,276,3,0,19,193,1,0,2,0,RB
LeGarrette BlountL. Blount,6,79.0,0,0,0,0,0,0,154,418,5,0,10,67,0,0,1,0,RB
Devontae BookerD. Booker,10,78.0,0,0,0,0,0,0,34,183,1,0,38,275,0,0,1,0,RB
Josh AdamsJ. Adams,9,77.0,0,0,0,0,0,0,120,511,3,1,7,58,0,0,1,0,RB
Jacquizz RodgersJ. Rodgers,5,77.0,0,0,0,0,0,0,33,106,1,0,38,304,0,0,1,0,RB
Marshawn LynchM. Lynch,7,75.0,0,0,0,0,0,0,90,376,3,0,15,84,0,0,0,0,RB
Corey ClementC. Clement,9,74.0,0,0,0,0,0,0,68,259,2,1,22,192,0,0,0,0,RB
Chris IvoryC. Ivory,11,70.0,0,0,0,0,0,0,115,385,1,0,13,205,0,0,0,0,RB
Spencer WareS. Ware,12,69.0,0,0,0,0,0,0,51,246,2,0,20,224,0,0,0,0,RB
C.J. AndersonC. Anderson,12,64.0,0,0,0,0,0,0,67,403,2,0,5,41,1,0,0,0,RB
Kyle JuszczykK. Juszczyk,11,64.0,0,0,0,0,0,0,8,30,0,0,30,324,1,0,2,0,RB
Rashaad PennyR. Penny,7,63.0,0,0,0,0,0,0,85,419,2,0,9,75,0,0,0,0,RB
Alfred MorrisA. Morris,11,62.0,0,0,0,0,0,0,111,428,2,0,8,73,0,0,1,0,RB
Darren SprolesD. Sproles,9,58.0,0,0,0,0,0,0,29,120,1,0,15,160,2,0,0,0,RB
Bilal PowellB. Powell,11,56.0,0,0,0,0,0,0,80,343,0,0,11,110,1,0,1,0,RB
Kapri BibbsK. Bibbs,7,55.0,0,0,0,0,0,0,21,103,3,0,16,115,1,0,0,0,RB
Chase EdmondsC. Edmonds,9,55.0,0,0,0,0,0,0,60,208,2,0,20,103,0,0,0,0,RB
Justin JacksonJ. Jackson,8,55.0,0,0,0,0,0,0,50,206,2,0,15,135,0,0,0,0,RB
Jordan WilkinsJ. Wilkins,9,54.0,0,0,0,0,0,0,60,336,1,0,16,85,0,0,2,0,RB
Zach ZennerZ. Zenner,6,53.0,0,0,0,0,0,0,55,265,3,0,7,56,0,0,0,0,RB
Kenneth DixonK. Dixon,10,50.0,0,0,0,0,0,0,60,333,2,0,6,51,0,0,1,0,RB
Rex BurkheadR. Burkhead,11,45.0,0,0,0,0,0,0,57,186,0,0,14,131,1,0,1,0,RB
Jay AjayiJ. Ajayi,9,42.0,0,0,0,0,0,0,45,184,3,1,5,20,0,0,1,0,RB
Jeffery WilsonJ. Wilson,11,42.0,0,0,0,0,0,0,66,266,0,0,12,98,0,0,2,0,RB
Trenton CannonT. Cannon,11,41.0,0,0,0,0,0,0,38,113,1,0,17,144,0,0,0,0,RB
James DevelinJ. Develin,11,39.0,0,0,0,0,0,0,6,8,4,0,12,61,0,0,0,0,RB
Wayne GallmanW. Gallman,9,38.0,0,0,0,0,0,0,51,176,1,0,14,89,0,0,1,0,RB
Kalen BallageK. Ballage,11,35.0,0,0,0,0,0,0,36,191,1,0,9,56,0,0,1,0,RB
Raheem MostertR. Mostert,11,35.0,0,0,0,0,0,0,34,261,1,0,6,25,0,0,1,0,RB
Malcolm BrownM. Brown,12,33.0,0,0,0,0,0,0,43,212,0,0,5,52,1,1,0,0,RB
Marcus MurphyM. Murphy,11,33.0,0,0,0,0,0,0,52,250,0,0,11,26,0,0,0,0,RB
Brandon BoldenB. Bolden,11,28.0,0,0,0,0,0,0,8,91,2,0,3,13,1,0,1,0,RB
Rod SmithR. Smith,8,27.0,0,0,0,0,0,0,44,127,1,0,9,60,0,0,0,0,RB
Andy JanovichA. Janovich,10,23.0,0,0,0,0,0,0,2,5,0,0,8,112,1,0,0,0,RB
Anthony ShermanA. Sherman,12,21.0,0,0,0,0,0,0,1,2,0,0,8,96,1,0,0,0,RB
Zach LineZ. Line,6,19.0,0,0,0,0,0,0,9,41,0,0,5,14,2,0,0,0,RB
Taquan MizzellT. Mizzell,5,19.0,0,0,0,0,0,0,9,16,0,0,8,78,1,0,0,0,RB
Ronald Jones IIR. Jones,5,18.0,0,0,0,0,0,0,23,44,1,0,7,33,0,0,0,0,RB
Corey GrantC. Grant,9,17.0,0,0,0,0,0,0,13,40,0,0,9,67,0,0,0,0,RB
C.J. HamC. Ham,10,17.0,0,0,0,0,0,0,6,8,0,0,11,85,0,0,0,0,RB
Dontrell HilliardD. Hilliard,11,16.0,1,0,0,0,1,0,0,0,0,0,9,105,0,0,0,0,RB
Cameron Artis-PayneC. Artis-Payne,4,15.0,0,0,0,0,0,0,19,69,1,0,3,15,0,0,0,0,RB
Brian HillB. Hill,9,14.0,0,0,0,0,0,0,20,157,0,0,1,9,0,0,1,0,RB
Dwayne WashingtonD. Washington,6,14.0,0,0,0,0,0,0,27,154,0,0,0,0,0,0,0,0,RB
Darrel WilliamsD. Williams,12,14.0,0,0,0,0,0,0,13,44,0,0,3,27,1,0,0,0,RB
Alex ArmahA. Armah,4,13.0,0,0,0,0,0,0,9,15,2,0,1,5,0,0,0,0,RB
Devonta FreemanD. Freeman,8,12.0,0,0,0,0,0,0,14,68,0,0,5,23,0,0,0,0,RB
Elijhaa PennyE. Penny,9,12.0,0,0,0,0,0,0,7,25,0,0,8,50,0,0,0,0,RB
Stevan RidleyS. Ridley,7,12.0,0,0,0,0,0,0,29,80,1,0,3,18,0,0,2,0,RB
Keith FordK. Ford,11,11.0,0,0,0,0,0,0,21,79,0,0,3,21,0,0,0,0,RB
Charcandrick WestC. West,11,11.0,0,0,0,0,0,0,2,-1,0,0,2,37,1,0,0,0,RB
D'Onta ForemanD. Foreman,10,10.0,0,0,0,0,0,0,7,-1,0,0,2,28,1,0,0,0,RB
John KellyJ. Kelly,12,10.0,0,0,0,0,0,0,27,74,0,0,2,27,0,0,0,0,RB
Mark WaltonM. Walton,9,10.0,0,0,0,0,0,0,14,34,0,0,5,41,0,0,0,0,RB
T.J. LoganT. Logan,9,9.0,0,0,0,0,0,0,2,2,0,0,7,37,0,0,0,0,RB
Patrick DiMarcoP. DiMarco,11,8.0,0,0,0,0,0,0,1,9,0,0,3,62,0,0,0,0,RB
DeAndre WashingtonD. Washington,7,8.0,0,0,0,0,0,0,30,115,0,0,1,9,0,0,1,0,RB
Tommy BohanonT. Bohanon,9,7.0,0,0,0,0,0,0,1,0,0,0,6,41,0,0,0,0,RB
Detrez NewsomeD. Newsome,8,7.0,0,0,0,0,0,0,11,49,0,0,2,19,0,0,0,0,RB
Kenjon BarnerK. Barner,4,6.0,0,0,0,0,0,0,19,71,0,0,1,3,0,0,0,0,RB
Mike BooneM. Boone,10,6.0,0,0,0,0,0,0,11,47,0,0,2,1,0,0,0,0,RB
Byron MarshallB. Marshall,4,6.0,0,0,0,0,0,0,3,9,0,0,4,30,0,0,0,0,RB
Roosevelt NixR. Nix,7,6.0,0,0,0,0,0,0,1,4,0,0,4,38,0,0,0,0,RB
Keith SmithK. Smith,7,6.0,0,0,0,0,0,0,1,0,0,0,5,23,0,0,0,0,RB
Tyler ErvinT. Ervin,10,5.0,0,0,0,0,0,0,0,0,0,0,3,35,0,0,0,0,RB
Samaje PerineS. Perine,4,5.0,0,0,0,0,0,0,8,32,0,0,3,5,0,0,0,0,RB
C.J. ProsiseC. Prosise,7,5.0,0,0,0,0,0,0,1,-3,0,0,3,22,0,0,0,0,RB
Roc ThomasR. Thomas,10,5.0,0,0,0,0,0,0,8,30,0,0,2,21,0,0,0,0,RB
Ameer AbdullahA. Abdullah,10,4.0,0,0,0,0,0,0,1,1,0,0,3,28,0,0,1,0,RB
Tre MaddenT. Madden,7,4.0,0,0,0,0,0,0,3,3,0,0,2,35,0,0,0,0,RB
Derrick ColemanD. Coleman,9,3.0,0,0,0,0,0,0,2,3,0,0,2,17,0,0,0,0,RB
Jeremy HillJ. Hill,11,3.0,0,0,0,0,0,0,4,25,0,0,1,6,0,0,0,0,RB
Jamize OlawaleJ. Olawale,8,3.0,0,0,0,0,0,0,0,0,0,0,2,13,0,0,0,0,RB
Ricky OrtizR. Ortiz,8,3.0,0,0,0,0,0,0,0,0,0,0,3,11,0,0,0,0,RB
De'Lance TurnerD. Turner,10,3.0,0,0,0,0,0,0,1,4,0,0,2,17,0,0,0,0,RB
David WilliamsD. Williams,9,3.0,0,0,0,0,0,0,8,36,0,0,0,0,0,0,0,0,RB
Shaun WilsonS. Wilson,5,3.0,0,0,0,0,0,0,6,29,0,0,3,5,0,0,0,0,RB
Travaris CadetT. Cadet,11,2.0,0,0,0,0,0,0,11,17,0,0,1,5,0,0,0,0,RB
Jamaal CharlesJ. Charles,9,2.0,0,0,0,0,0,0,6,7,0,0,2,7,0,0,0,0,RB
Benny CunninghamB. Cunningham,5,2.0,0,0,0,0,0,0,11,20,0,0,1,9,0,0,0,0,RB
Mike GillisleeM. Gillislee,11,2.0,0,0,0,0,0,0,16,43,0,0,1,9,0,0,1,0,RB
Jeremy LangfordJ. Langford,11,2.0,0,0,0,0,0,0,9,25,0,0,0,0,0,0,0,0,RB
Michael BurtonM. Burton,5,1.0,0,0,0,0,0,0,0,0,0,0,1,6,0,0,0,0,RB
Justin DavisJ. Davis,12,1.0,0,0,0,0,0,0,2,19,0,0,0,0,0,0,0,0,RB
David FluellenD. Fluellen,8,1.0,0,0,0,0,0,0,4,16,0,0,0,0,0,0,0,0,RB
Darius JacksonD. Jackson,8,1.0,0,0,0,0,0,0,6,16,0,0,0,0,0,0,0,0,RB
Robert TurbinR. Turbin,9,1.0,0,0,0,0,0,0,4,10,0,0,1,3,0,0,1,0,RB
Dan VitaleD. Vitale,11,1.0,0,0,0,0,0,0,0,0,0,0,1,2,0,0,0,0,RB
Derek WattD. Watt,8,1.0,0,0,0,0,0,0,4,11,0,0,1,2,0,0,0,0,RB
Jonathan WilliamsJ. Williams,9,1.0,0,0,0,0,0,0,3,0,0,0,1,1,0,0,0,0,RB
De'Angelo HendersonD. Henderson,11,0.0,0,0,0,0,0,0,2,19,0,0,0,0,0,0,1,0,RB
Rob KelleyR. Kelley,4,0.0,0,0,0,0,0,0,4,8,0,0,0,0,0,0,0,0,RB
J.D. McKissicJ. McKissic,7,0.0,0,0,0,0,0,0,3,8,0,0,0,0,0,0,0,0,RB
Jeremy McNicholsJ. McNichols,9,0.0,0,0,0,0,0,0,2,4,0,0,0,0,0,0,0,0,RB
Christine MichaelC. Michael,9,0.0,0,0,0,0,0,0,2,9,0,0,0,0,0,0,0,0,RB
Jonathan StewartJ. Stewart,9,0.0,0,0,0,0,0,0,6,17,0,0,0,0,0,0,0,0,RB
Brandon WildsB. Wilds,9,0.0,0,0,0,0,0,0,6,15,0,0,0,0,0,0,0,0,RB
DeAndre HopkinsD. Hopkins,10,330.0,1,0,0,0,0,0,1,-7,0,0,115,1572,11,0,2,0,WR
Davante AdamsD. Adams,7,324.0,0,0,0,0,0,0,0,0,0,0,111,1386,13,1,0,0,WR
Julio JonesJ. Jones,8,319.0,0,0,0,0,0,0,2,12,0,0,113,1677,8,0,2,0,WR
Antonio BrownA. Brown,7,317.0,1,0,0,0,0,0,0,0,0,0,104,1297,15,0,0,0,WR
Tyreek HillT. Hill,12,316.0,0,0,0,0,0,0,22,151,1,0,87,1479,12,0,0,0,WR
Michael ThomasM. Thomas,6,309.0,0,0,0,0,0,0,0,0,0,0,125,1405,9,0,2,0,WR
Adam ThielenA. Thielen,10,300.0,0,0,0,0,0,0,5,30,0,0,113,1373,9,1,1,0,WR
JuJu Smith-SchusterJ. Smith-Schuster,7,291.0,0,0,0,0,0,0,1,13,0,0,111,1426,7,1,1,0,WR
Mike EvansM. Evans,5,283.0,0,0,0,0,0,0,0,0,0,0,86,1524,8,0,1,1,WR
Stefon DiggsS. Diggs,10,255.0,0,0,0,0,0,0,10,62,0,0,102,1021,9,1,0,0,WR
Robert WoodsR. Woods,12,254.0,0,0,0,0,0,0,19,157,1,0,86,1219,6,0,0,0,WR
Keenan AllenK. Allen,8,252.0,0,0,0,0,0,0,9,75,0,0,97,1196,6,1,1,0,WR
Brandin CooksB. Cooks,12,233.0,0,0,0,0,0,0,10,68,1,0,80,1204,5,0,0,0,WR
T.Y. HiltonT. Hilton,9,232.0,0,0,0,0,0,0,0,0,0,0,76,1270,6,0,0,0,WR
Odell Beckham Jr.O. Beckham,9,230.0,2,2,106,2,0,0,5,19,0,0,77,1052,6,0,1,0,WR
Tyler BoydT. Boyd,9,215.0,1,0,0,0,0,0,2,3,0,0,76,1028,7,0,0,0,WR
Tyler LockettT. Lockett,7,212.0,0,0,0,0,0,0,13,69,0,0,57,965,10,1,0,0,WR
Amari CooperA. Cooper,8,210.0,0,0,0,0,0,0,2,20,0,0,75,1005,7,0,2,0,WR
Jarvis LandryJ. Landry,11,209.0,2,1,63,0,0,1,3,60,1,0,81,976,4,0,1,0,WR
Calvin RidleyC. Ridley,8,200.0,0,0,0,0,0,0,6,27,0,0,64,821,10,0,1,0,WR
Julian EdelmanJ. Edelman,11,199.0,2,2,43,0,0,0,9,107,0,0,74,850,6,0,0,0,WR
Kenny GolladayK. Golladay,6,199.0,0,0,0,0,0,0,1,8,0,0,70,1063,5,0,0,0,WR
Emmanuel SandersE. Sanders,10,192.0,1,1,28,1,0,0,4,53,1,0,71,868,4,0,0,0,WR
Chris GodwinC. Godwin,5,181.0,0,0,0,0,0,0,0,0,0,0,59,842,7,1,1,0,WR
Adam HumphriesA. Humphries,5,181.0,0,0,0,0,0,0,2,11,0,0,76,816,5,0,0,0,WR
Larry FitzgeraldL. Fitzgerald,9,180.0,1,1,32,1,0,0,0,0,0,0,69,734,6,1,0,0,WR
Alshon JefferyA. Jeffery,9,179.0,0,0,0,0,0,0,0,0,0,0,65,843,6,0,0,0,WR
Mohamed SanuM. Sanu,8,177.0,2,1,5,1,0,0,7,44,0,0,66,838,4,1,1,0,WR
Corey DavisC. Davis,8,176.0,0,0,0,0,0,0,6,55,0,0,65,891,4,0,0,0,WR
Golden TateG. Tate,9,175.0,0,0,0,0,0,0,4,34,0,0,74,795,4,1,0,0,WR
Mike WilliamsM. Williams,8,173.0,0,0,0,0,0,0,7,28,1,0,43,664,10,1,0,0,WR
Sterling ShepardS. Shepard,9,172.0,0,0,0,0,0,0,3,33,0,0,66,872,4,1,0,0,WR
Dede WestbrookD. Westbrook,9,168.0,1,0,0,0,0,0,9,98,0,0,66,717,5,0,2,0,WR
Zay JonesZ. Jones,11,158.0,1,0,0,0,0,0,1,0,0,0,56,652,7,1,0,0,WR
Nelson AgholorN. Agholor,9,157.0,1,1,15,0,0,0,3,32,0,0,64,736,4,0,0,0,WR
Robby AndersonR. Anderson,11,153.0,0,0,0,0,0,0,2,-8,0,0,50,752,6,0,2,0,WR
Jordy NelsonJ. Nelson,7,150.0,0,0,0,0,0,0,1,-2,0,0,63,739,3,1,0,0,WR
Demaryius ThomasD. Thomas,10,150.0,0,0,0,0,0,0,0,0,0,0,59,677,5,0,0,0,WR
D.J. MooreD. Moore,4,148.0,0,0,0,0,0,0,13,172,0,0,55,788,2,0,3,0,WR
Allen RobinsonA. Robinson,5,148.0,0,0,0,0,0,0,1,9,0,0,55,754,4,0,1,0,WR
A.J. GreenA. Green,9,145.0,0,0,0,0,0,0,0,0,0,0,46,694,6,0,1,0,WR
Taylor GabrielT. Gabriel,5,144.0,0,0,0,0,0,0,9,61,0,0,67,688,2,0,1,0,WR
Cole BeasleyC. Beasley,8,143.0,1,0,0,0,0,0,0,0,0,0,65,672,3,0,0,0,WR
DeSean JacksonD. Jackson,5,141.0,0,0,0,0,0,0,6,29,1,0,41,774,4,0,0,0,WR
Doug BaldwinD. Baldwin,7,136.0,0,0,0,0,0,0,0,0,0,0,50,618,5,0,0,0,WR
John BrownJ. Brown,10,135.0,0,0,0,0,0,0,3,4,0,0,42,715,5,0,0,0,WR
Josh GordonJ. Gordon,11,135.0,0,0,0,0,0,0,0,0,0,0,41,737,4,0,0,0,WR
Cooper KuppC. Kupp,12,132.0,0,0,0,0,0,0,4,25,0,0,40,566,6,0,0,0,WR
Tyrell WilliamsT. Williams,8,130.0,0,0,0,0,0,0,2,15,0,0,41,653,5,0,0,0,WR
Curtis SamuelC. Samuel,4,128.0,0,0,0,0,0,0,8,84,2,0,39,494,5,0,1,0,WR
Kenny StillsK. Stills,11,128.0,1,1,3,1,0,0,0,0,0,0,37,553,6,1,0,0,WR
Antonio CallawayA. Callaway,11,127.0,0,0,0,0,0,0,2,7,0,0,43,586,5,1,1,0,WR
Michael CrabtreeM. Crabtree,7,127.0,0,0,0,0,0,0,0,0,0,0,54,607,3,0,0,0,WR
Willie SneadW. Snead,10,127.0,0,0,0,0,0,0,1,13,0,0,62,651,1,0,0,0,WR
Courtland SuttonC. Sutton,10,127.0,0,0,0,0,0,0,1,-1,0,0,42,704,4,0,0,0,WR
Danny AmendolaD. Amendola,11,125.0,1,1,28,1,0,0,1,-2,0,0,59,575,1,0,0,0,WR
Donte MoncriefD. Moncrief,9,125.0,0,0,0,0,0,0,0,0,0,0,48,668,3,0,1,0,WR
Devin FunchessD. Funchess,4,118.0,0,0,0,0,0,0,0,0,0,0,44,549,4,0,0,0,WR
Christian KirkC. Kirk,9,116.0,0,0,0,0,0,0,3,35,0,0,43,590,3,0,0,0,WR
Rashard HigginsR. Higgins,11,113.0,0,0,0,0,0,0,0,0,0,0,39,572,4,0,1,0,WR
Anthony MillerA. Miller,5,112.0,1,1,8,0,0,0,6,26,0,0,33,423,7,0,0,0,WR
Chester RogersC. Rogers,9,111.0,0,0,0,0,0,0,1,-4,0,0,53,485,2,2,0,0,WR
Sammy WatkinsS. Watkins,12,111.0,0,0,0,0,0,0,5,52,0,0,40,519,3,0,0,0,WR
Marvin JonesM. Jones,6,110.0,0,0,0,0,0,0,0,0,0,0,35,508,5,0,0,0,WR
Kendrick BourneK. Bourne,11,109.0,0,0,0,0,0,0,0,0,0,0,42,487,4,0,0,0,WR
Josh DoctsonJ. Doctson,4,105.0,0,0,0,0,0,0,0,0,0,0,44,532,2,0,0,0,WR
Will FullerW. Fuller,10,103.0,0,0,0,0,0,0,0,0,0,0,32,503,4,0,0,0,WR
Marquez Valdes-ScantlingM. Valdes-Scantling,7,103.0,0,0,0,0,0,0,2,29,0,0,38,581,2,0,0,0,WR
Chris HoganC. Hogan,11,101.0,0,0,0,0,0,0,0,0,0,0,35,532,3,0,0,0,WR
Seth RobertsS. Roberts,7,101.0,0,0,0,0,0,0,3,5,0,0,45,494,2,0,0,0,WR
Dante PettisD. Pettis,11,100.0,0,0,0,0,0,0,1,-2,0,0,27,467,5,0,0,0,WR
Tre'Quan SmithT. Smith,6,97.0,0,0,0,0,0,0,0,0,0,0,28,427,5,0,0,0,WR
Robert FosterR. Foster,11,96.0,0,0,0,0,0,0,0,0,0,0,27,541,3,0,0,0,WR
Josh ReynoldsJ. Reynolds,12,96.0,0,0,0,0,0,0,2,8,0,0,29,402,5,0,0,0,WR
Albert WilsonA. Wilson,11,94.0,1,1,52,1,0,0,8,16,0,0,26,391,4,0,0,0,WR
David MooreD. Moore,7,93.0,0,0,0,0,0,0,1,5,0,0,26,445,5,0,0,0,WR
Michael GallupM. Gallup,8,91.0,0,0,0,0,0,0,0,0,0,0,33,507,2,1,0,0,WR
Jarius WrightJ. Wright,10,91.0,0,0,0,0,0,0,2,39,0,0,43,447,1,1,1,0,WR
Keelan ColeK. Cole,9,87.0,0,0,0,0,0,0,0,0,0,0,38,491,1,0,2,0,WR
Chris ConleyC. Conley,12,87.0,0,0,0,0,0,0,0,0,0,0,32,334,5,0,2,0,WR
Randall CobbR. Cobb,7,85.0,0,0,0,0,0,0,0,0,0,0,38,383,2,0,1,0,WR
Quincy EnunwaQ. Enunwa,11,83.0,0,0,0,0,0,0,1,0,0,0,38,449,1,0,1,0,WR
Taywan TaylorT. Taylor,8,83.0,0,0,0,0,0,0,0,0,0,0,37,466,1,0,1,0,WR
Marquise GoodwinM. Goodwin,11,82.0,0,0,0,0,0,0,4,9,0,0,23,395,4,0,0,0,WR
John RossJ. Ross,9,79.0,0,0,0,0,0,0,4,9,0,0,21,210,7,0,0,0,WR
Phillip DorsettP. Dorsett,11,77.0,0,0,0,0,0,0,4,29,0,0,32,290,3,0,0,0,WR
Jamison CrowderJ. Crowder,4,76.0,0,0,0,0,0,0,4,30,0,0,29,388,2,0,0,0,WR
Jermaine KearseJ. Kearse,11,76.0,0,0,0,0,0,0,0,0,0,0,37,371,1,0,0,0,WR
Dontrelle InmanD. Inman,9,74.0,0,0,0,0,0,0,0,0,0,0,28,304,3,0,0,0,WR
Demarcus RobinsonD. Robinson,12,70.0,0,0,0,0,0,0,0,0,0,0,22,288,4,0,0,0,WR
Ryan GrantR. Grant,9,68.0,0,0,0,0,0,0,0,0,0,0,35,334,1,0,0,0,WR
Tajae SharpeT. Sharpe,8,67.0,0,0,0,0,0,0,1,16,0,0,26,316,2,0,0,0,WR
Aldrick RobinsonA. Robinson,10,66.0,0,0,0,0,0,0,0,0,0,0,17,231,5,0,0,0,WR
Kelvin BenjaminK. Benjamin,12,64.0,0,0,0,0,0,0,0,0,0,0,25,380,1,0,0,0,WR
Laquon TreadwellL. Treadwell,10,64.0,0,0,0,0,0,0,0,0,0,0,35,302,1,0,0,0,WR
DaeSean HamiltonD. Hamilton,10,63.0,0,0,0,0,0,0,0,0,0,0,30,243,2,0,0,0,WR
Ty MontgomeryT. Montgomery,10,63.0,0,0,0,0,0,0,41,188,1,0,25,235,0,0,1,0,WR
Zach PascalZ. Pascal,9,62.0,0,0,0,0,0,0,2,10,0,0,27,268,2,0,0,0,WR
Geronimo AllisonG. Allison,7,60.0,0,0,0,0,0,0,0,0,0,0,20,303,2,0,0,0,WR
Keke CouteeK. Coutee,10,60.0,0,0,0,0,0,0,3,0,0,0,28,287,1,0,0,0,WR
Ryan SwitzerR. Switzer,7,60.0,0,0,0,0,0,0,6,21,0,0,36,253,1,0,0,0,WR
Jordan MatthewsJ. Matthews,9,58.0,0,0,0,0,0,0,0,0,0,0,20,300,2,0,0,0,WR
DeVante ParkerD. Parker,11,58.0,0,0,0,0,0,0,0,0,0,0,24,309,1,0,0,0,WR
Breshad PerrimanB. Perriman,11,58.0,0,0,0,0,0,0,4,2,0,0,16,340,2,0,0,0,WR
Tim PatrickT. Patrick,10,57.0,0,0,0,0,0,0,3,17,0,0,23,315,1,0,1,0,WR
Jaron BrownJ. Brown,7,56.0,0,0,0,0,0,0,0,0,0,0,14,166,5,0,0,0,WR
Bruce EllingtonB. Ellington,6,56.0,1,0,0,0,0,0,1,2,0,0,31,224,1,0,0,0,WR
Jakeem GrantJ. Grant,11,56.0,0,0,0,0,0,0,1,5,0,0,21,268,2,0,0,0,WR
Maurice HarrisM. Harris,4,56.0,0,0,0,0,0,0,2,10,0,0,28,304,0,0,0,0,WR
Allen HurnsA. Hurns,9,56.0,0,0,0,0,0,0,0,0,0,0,20,295,2,0,0,0,WR
Paul RichardsonP. Richardson,4,56.0,0,0,0,0,0,0,2,9,0,0,20,262,2,0,0,0,WR
Pierre GarconP. Garcon,11,55.0,0,0,0,0,0,0,0,0,0,0,24,286,1,0,0,0,WR
Ted Ginn Jr.T. Ginn,6,51.0,0,0,0,0,0,0,3,26,0,0,17,209,2,1,1,0,WR
Terrelle PryorT. Pryor,11,50.0,0,0,0,0,0,0,1,-1,0,0,16,252,2,0,0,0,WR
Trent TaylorT. Taylor,11,50.0,0,0,0,0,0,0,0,0,0,0,26,215,1,1,0,0,WR
Isaiah McKenzieI. McKenzie,11,49.0,0,0,0,0,0,0,10,66,2,0,18,179,0,0,1,0,WR
Equanimeous St. BrownE. St. Brown,7,49.0,0,0,0,0,0,0,1,5,0,0,21,328,0,0,0,0,WR
Torrey SmithT. Smith,9,47.0,0,0,0,0,0,0,0,0,0,0,17,190,2,1,0,0,WR
T.J. JonesT. Jones,6,46.0,0,0,0,0,0,0,0,0,0,0,19,190,2,0,0,0,WR
Keith KirkwoodK. Kirkwood,6,44.0,0,0,0,0,0,0,0,0,0,0,13,209,2,0,0,0,WR
Martavis BryantM. Bryant,7,43.0,0,0,0,0,0,0,3,23,0,0,19,266,0,0,1,0,WR
Trent SherfieldT. Sherfield,9,43.0,0,0,0,0,0,0,0,0,0,0,19,210,1,0,0,0,WR
DeAndre CarterD. Carter,10,41.0,0,0,0,0,0,0,1,7,0,0,22,216,0,0,1,0,WR
James WashingtonJ. Washington,7,41.0,0,0,0,0,0,0,0,0,0,0,16,217,1,0,0,0,WR
Bennie FowlerB. Fowler,11,39.0,0,0,0,0,0,0,0,0,0,0,16,199,1,0,0,0,WR
Chris MooreC. Moore,10,38.0,0,0,0,0,0,0,5,17,0,0,19,196,1,0,0,0,WR
Russell ShepardR. Shepard,9,37.0,0,0,0,0,0,0,0,0,0,0,10,188,2,0,0,0,WR
Chad WilliamsC. Williams,9,37.0,0,0,0,0,0,0,1,9,0,0,17,171,1,0,0,0,WR
Travis BenjaminT. Benjamin,8,36.0,0,0,0,0,0,0,7,41,0,0,12,186,1,0,0,0,WR
Justin HardyJ. Hardy,8,36.0,0,0,0,0,0,0,0,0,0,0,14,133,2,0,0,0,WR
Tavon AustinT. Austin,8,35.0,0,0,0,0,0,0,6,55,0,0,8,140,2,0,0,0,WR
Cody CoreC. Core,9,35.0,0,0,0,0,0,0,0,0,0,0,13,160,1,1,0,0,WR
Brandon LaFellB. LaFell,7,35.0,0,0,0,0,0,0,0,0,0,0,12,135,2,0,0,0,WR
Cody LatimerC. Latimer,9,35.0,0,0,0,0,0,0,0,0,0,0,11,190,1,0,0,0,WR
Marcell AtemanM. Ateman,7,34.0,0,0,0,0,0,0,0,0,0,0,15,154,1,0,0,0,WR
Alex EricksonA. Erickson,9,33.0,0,0,0,0,0,0,3,22,0,0,20,167,0,0,1,0,WR
Deonte ThompsonD. Thompson,11,30.0,0,0,0,0,0,0,0,0,0,0,17,161,0,0,0,0,WR
Josh BellamyJ. Bellamy,5,29.0,0,0,0,0,0,0,0,0,0,0,14,117,1,1,0,0,WR
Austin CarrA. Carr,6,29.0,0,0,0,0,0,0,0,0,0,0,9,97,2,0,0,0,WR
Marvin HallM. Hall,8,29.0,0,0,0,0,0,0,2,0,0,0,10,149,1,0,0,0,WR
Brandon MarshallB. Marshall,9,29.0,0,0,0,0,0,0,0,0,0,0,11,136,1,0,0,0,WR
D.J. CharkD. Chark,9,28.0,0,0,0,0,0,0,0,0,0,0,14,174,0,0,1,0,WR
Damion RatleyD. Ratley,11,26.0,0,0,0,0,0,0,0,0,0,0,13,144,0,0,0,0,WR
Andre HolmesA. Holmes,10,25.0,0,0,0,0,0,0,0,0,0,0,13,162,0,0,0,0,WR
Richie JamesR. James,11,25.0,0,0,0,0,0,0,0,0,0,0,9,130,1,0,1,0,WR
Cameron MeredithC. Meredith,6,25.0,0,0,0,0,0,0,0,0,0,0,9,114,1,0,1,0,WR
Michael FloydM. Floyd,4,24.0,0,0,0,0,0,0,0,0,0,0,10,100,1,1,0,0,WR
Deontay BurnettD. Burnett,8,23.0,0,0,0,0,0,0,0,0,0,0,10,143,0,0,0,0,WR
Andy JonesA. Jones,6,23.0,0,0,0,0,0,0,0,0,0,0,11,80,1,0,0,0,WR
Jake KumerowJ. Kumerow,7,22.0,0,0,0,0,0,0,0,0,0,0,8,103,1,0,0,0,WR
Brandon PowellB. Powell,6,22.0,0,0,0,0,0,0,1,4,0,0,11,129,0,0,0,0,WR
Andre RobertsA. Roberts,11,22.0,0,0,0,0,0,0,2,20,0,0,10,79,1,0,1,0,WR
Marcus JohnsonM. Johnson,9,21.0,0,0,0,0,0,0,1,-2,0,0,6,102,1,0,0,0,WR
Trey QuinnT. Quinn,4,21.0,0,0,0,0,0,0,1,0,0,0,9,75,1,0,0,0,WR
Eli RogersE. Rogers,7,21.0,0,0,0,0,0,0,1,-4,0,0,12,79,0,1,0,0,WR
Leonte CarrooL. Carroo,11,18.0,0,0,0,0,0,0,1,14,0,0,2,94,1,0,0,0,WR
Vyncint SmithV. Smith,10,18.0,0,0,0,0,0,0,0,0,0,0,5,91,1,0,0,0,WR
Brice ButlerB. Butler,11,17.0,0,0,0,0,0,0,0,0,0,0,6,60,1,0,0,0,WR
Darius JenningsD. Jennings,8,17.0,1,1,21,0,0,0,1,2,0,0,11,101,0,0,0,0,WR
Cameron BatsonC. Batson,8,14.0,0,0,0,0,0,0,1,1,0,0,8,82,0,0,0,0,WR
Tommylee LewisT. Lewis,6,13.0,0,0,0,0,0,0,2,10,0,0,3,60,1,0,1,0,WR
Kevin WhiteK. White,5,12.0,0,0,0,0,0,0,0,0,0,0,4,92,0,0,0,0,WR
J.J. NelsonJ. Nelson,9,11.0,0,0,0,0,0,0,4,0,0,0,7,64,0,0,0,0,WR
De'Anthony ThomasD. Thomas,12,11.0,0,0,0,0,0,0,1,6,0,0,3,29,1,0,0,0,WR
Kamar AikenK. Aiken,9,10.0,0,0,0,0,0,0,0,0,0,0,6,53,0,0,0,0,WR
Corey ColemanC. Coleman,11,10.0,0,0,0,0,0,0,1,5,0,0,5,71,0,0,0,0,WR
Russell GageR. Gage,8,10.0,0,0,0,0,0,0,0,0,0,0,6,63,0,0,0,0,WR
Rashad GreeneR. Greene,9,9.0,0,0,0,0,0,0,0,0,0,0,6,60,0,0,1,0,WR
Dwayne HarrisD. Harris,9,9.0,0,0,0,0,0,0,2,12,0,0,6,40,0,0,0,0,WR
Derrick WilliesD. Willies,11,9.0,0,0,0,0,0,0,0,0,0,0,3,61,0,0,0,0,WR
Noah BrownN. Brown,8,8.0,0,0,0,0,0,0,0,0,0,0,5,54,0,0,0,0,WR
Chad BeebeC. Beebe,10,7.0,0,0,0,0,0,0,0,0,0,0,4,39,0,0,0,0,WR
Jawill DavisJ. Davis,9,7.0,0,0,0,0,0,0,0,0,0,0,4,40,0,0,0,0,WR
Jesus WilsonJ. Wilson,5,7.0,0,0,0,0,0,0,0,0,0,0,4,52,0,0,0,0,WR
Javon WimsJ. Wims,5,7.0,0,0,0,0,0,0,0,0,0,0,4,32,0,0,0,0,WR
Auden TateA. Tate,9,6.0,0,0,0,0,0,0,0,0,0,0,4,35,0,0,0,0,WR
Jalen TolliverJ. Tolliver,9,6.0,0,0,0,0,0,0,0,0,0,0,3,37,0,0,0,0,WR
Shelton GibsonS. Gibson,9,5.0,0,0,0,0,0,0,0,0,0,0,1,48,0,0,0,0,WR
Rishard MatthewsR. Matthews,11,5.0,0,0,0,0,0,0,0,0,0,0,5,24,0,0,0,0,WR
Ray Ray McCloudR. McCloud,11,5.0,0,0,0,0,0,0,2,4,0,0,5,36,0,0,1,0,WR
River CracraftR. Cracraft,10,4.0,0,0,0,0,0,0,0,0,0,0,1,44,0,0,1,0,WR
Justin HunterJ. Hunter,7,4.0,0,0,0,0,0,0,0,0,0,0,3,21,0,0,0,0,WR
Charone PeakeC. Peake,11,4.0,0,0,0,0,0,0,0,0,0,0,2,25,0,0,0,0,WR
Brian QuickB. Quick,4,4.0,0,0,0,0,0,0,0,0,0,0,3,18,0,0,0,0,WR
Gehrig DieterG. Dieter,12,3.0,0,0,0,0,0,0,0,0,0,0,1,22,0,0,0,0,WR
Khadarel HodgeK. Hodge,12,3.0,0,0,0,0,0,0,0,0,0,0,2,17,0,0,0,0,WR
Malik TurnerM. Turner,7,3.0,0,0,0,0,0,0,0,0,0,0,2,20,0,0,0,0,WR
Nick WilliamsN. Williams,12,3.0,0,0,0,0,0,0,0,0,0,0,2,17,0,0,0,0,WR
Terrance WilliamsT. Williams,8,3.0,0,0,0,0,0,0,0,0,0,0,2,18,0,0,0,0,WR
Brandon ZylstraB. Zylstra,10,3.0,0,0,0,0,0,0,0,0,0,0,1,23,0,0,0,0,WR
Victor BoldenV. Bolden,11,2.0,0,0,0,0,0,0,0,0,0,0,1,10,0,0,0,0,WR
Sammie CoatesS. Coates,11,2.0,0,0,0,0,0,0,0,0,0,0,1,12,0,0,0,0,WR
Jeremy KerleyJ. Kerley,11,2.0,0,0,0,0,0,0,0,0,0,0,2,7,0,0,0,0,WR
Josh MaloneJ. Malone,9,2.0,0,0,0,0,0,0,0,0,0,0,1,12,0,0,0,0,WR
J'Mon MooreJ. Moore,7,2.0,0,0,0,0,0,0,0,0,0,0,2,15,0,0,1,0,WR
Tim WhiteT. White,10,2.0,0,0,0,0,0,0,0,0,0,0,1,14,0,0,0,0,WR
Jamal AgnewJ. Agnew,6,1.0,0,0,0,0,0,0,1,17,0,0,0,0,0,0,0,0,WR
Damiere ByrdD. Byrd,4,1.0,0,0,0,0,0,0,0,0,0,0,1,8,0,0,0,0,WR
Jehu ChessonJ. Chesson,12,1.0,0,0,0,0,0,0,1,-4,0,0,1,7,0,0,0,0,WR
Keon HatcherK. Hatcher,7,1.0,0,0,0,0,0,0,0,0,0,0,1,8,0,0,0,0,WR
Darrius Heyward-BeyD. Heyward-Bey,7,1.0,0,0,0,0,0,0,1,-7,0,0,1,9,0,0,0,0,WR
Marcus KempM. Kemp,12,1.0,0,0,0,0,0,0,0,0,0,0,1,7,0,0,0,0,WR
Darvin KidsyD. Kidsy,4,1.0,0,0,0,0,0,0,0,0,0,0,1,8,0,0,0,0,WR
Allen LazardA. Lazard,9,1.0,0,0,0,0,0,0,0,0,0,0,1,7,0,0,0,0,WR
Cam PhillipsC. Phillips,11,1.0,0,0,0,0,0,0,0,0,0,0,1,9,0,0,0,0,WR
Justin WatsonJ. Watson,5,1.0,0,0,0,0,0,0,0,0,0,0,1,5,0,0,0,0,WR
J.J. JonesJ. Jones,11,0.0,0,0,0,0,0,0,1,0,0,0,1,3,0,0,1,0,WR
Rod StreaterR. Streater,11,0.0,0,0,0,0,0,0,1,-11,0,0,0,0,0,0,0,0,WR
Kaelin ClayK. Clay,9,-1.0,0,0,0,0,0,0,0,0,0,0,0,0,0,0,1,0,WR
Riley McCarronR. McCarron,11,-1.0,0,0,0,0,0,0,0,0,0,0,0,0,0,0,1,0,WR
JoJo NatsonJ. Natson,11,-1.0,0,0,0,0,0,0,0,0,0,0,0,0,0,0,1,0,WR
Travis KelceT. Kelce,12,287.0,0,0,0,0,0,0,0,0,0,0,103,1336,10,0,1,0,TE
Zach ErtzZ. Ertz,9,274.0,0,0,0,0,0,0,0,0,0,0,116,1163,8,0,0,0,TE
George KittleG. Kittle,11,252.0,0,0,0,0,0,0,1,10,0,0,88,1377,5,1,0,0,TE
Eric EbronE. Ebron,9,218.0,1,0,0,0,0,0,3,-8,1,0,66,750,13,0,1,0,TE
Jared CookJ. Cook,7,190.0,0,0,0,0,0,0,0,0,0,0,68,896,6,0,0,0,TE
Austin HooperA. Hooper,8,155.0,0,0,0,0,0,0,0,0,0,0,71,660,4,1,0,0,TE
Kyle RudolphK. Rudolph,10,143.0,0,0,0,0,0,0,0,0,0,0,64,634,4,0,0,0,TE
Trey BurtonT. Burton,5,141.0,0,0,0,0,0,0,1,2,0,0,54,569,6,1,1,0,TE
David NjokuD. Njoku,11,138.0,0,0,0,0,0,0,0,0,0,0,56,639,4,0,0,0,TE
Rob GronkowskiR. Gronkowski,11,127.0,0,0,0,0,0,0,0,0,0,0,47,682,3,0,1,0,TE
Jimmy GrahamJ. Graham,7,125.0,0,0,0,0,0,0,0,0,0,0,55,636,2,0,0,0,TE
Vance McDonaldV. McDonald,7,125.0,0,0,0,0,0,0,0,0,0,0,50,610,4,0,1,0,TE
Evan EngramE. Engram,9,119.0,0,0,0,0,0,0,3,36,0,0,45,577,3,1,0,0,TE
O.J. HowardO. Howard,5,116.0,0,0,0,0,0,0,0,0,0,0,34,565,5,0,0,0,TE
Jordan ReedJ. Reed,4,116.0,0,0,0,0,0,0,0,0,0,0,54,558,2,0,1,0,TE
Chris Herndon IVC. Herndon,11,108.0,0,0,0,0,0,0,0,0,0,0,39,502,4,0,0,0,TE
Mark AndrewsM. Andrews,10,101.0,0,0,0,0,0,0,0,0,0,0,34,552,3,0,0,0,TE
C.J. UzomahC. Uzomah,9,97.0,0,0,0,0,0,0,0,0,0,0,43,439,3,0,0,0,TE
Cameron BrateC. Brate,5,86.0,0,0,0,0,0,0,0,0,0,0,30,289,6,0,1,0,TE
Dallas GoedertD. Goedert,9,86.0,0,0,0,0,0,0,0,0,0,0,33,334,4,0,0,0,TE
Benjamin WatsonB. Watson,6,82.0,0,0,0,0,0,0,0,0,0,0,35,400,2,0,0,0,TE
Gerald EverettG. Everett,12,79.0,0,0,0,0,0,0,2,16,0,0,33,320,3,1,0,0,TE
Jesse JamesJ. James,7,77.0,0,0,0,0,0,0,0,0,0,0,30,423,2,0,0,0,TE
Ian ThomasI. Thomas,4,77.0,0,0,0,0,0,0,0,0,0,0,36,333,2,0,0,0,TE
Greg OlsenG. Olsen,4,76.0,0,0,0,0,0,0,0,0,0,0,27,291,4,0,0,0,TE
Vernon DavisV. Davis,4,71.0,0,0,0,0,0,0,0,0,0,0,25,367,2,1,0,0,TE
Blake JarwinB. Jarwin,8,71.0,0,0,0,0,0,0,0,0,0,0,27,307,3,0,0,0,TE
Antonio GatesA. Gates,8,70.0,0,0,0,0,0,0,0,0,0,0,28,333,2,2,1,0,TE
Ricky Seals-JonesR. Seals-Jones,9,69.0,0,0,0,0,0,0,0,0,0,0,34,343,1,0,0,0,TE
Nick VannettN. Vannett,7,68.0,0,0,0,0,0,0,0,0,0,0,29,269,3,0,0,0,TE
Jeff HeuermanJ. Heuerman,10,67.0,0,0,0,0,0,0,0,0,0,0,31,281,2,0,0,0,TE
Jordan ThomasJ. Thomas,10,61.0,0,0,0,0,0,0,0,0,0,0,20,215,4,0,0,0,TE
Jack DoyleJ. Doyle,9,60.0,0,0,0,0,0,0,0,0,0,0,26,245,2,0,1,0,TE
Jonnu SmithJ. Smith,8,60.0,0,0,0,0,0,0,0,0,0,0,20,258,3,0,0,0,TE
Tyler HigbeeT. Higbee,12,59.0,0,0,0,0,0,0,0,0,0,0,24,292,2,0,0,0,TE
Rhett EllisonR. Ellison,9,54.0,0,0,0,0,0,0,0,0,0,0,25,272,1,1,0,0,TE
Geoff SwaimG. Swaim,8,52.0,0,0,0,0,0,0,0,0,0,0,26,242,1,0,0,0,TE
Jason CroomJ. Croom,11,51.0,0,0,0,0,0,0,0,0,0,0,22,259,1,0,2,1,TE
Ryan GriffinR. Griffin,10,50.0,0,0,0,0,0,0,0,0,0,0,24,305,0,0,0,0,TE
Matt LaCosseM. LaCosse,10,49.0,0,0,0,0,0,0,0,0,0,0,24,250,1,0,0,0,TE
Levine ToiloloL. Toilolo,6,49.0,0,0,0,0,0,0,0,0,0,0,21,263,1,0,0,0,TE
Anthony FirkserA. Firkser,8,44.0,0,0,0,0,0,0,0,0,0,0,19,225,1,0,0,0,TE
Demetrius HarrisD. Harris,12,42.0,0,0,0,0,0,0,0,0,0,0,12,164,3,0,0,0,TE
Ed DicksonE. Dickson,7,41.0,0,0,0,0,0,0,1,9,0,0,12,143,3,0,0,0,TE
Virgil GreenV. Green,8,41.0,0,0,0,0,0,0,0,0,0,0,19,210,1,0,0,0,TE
James O'ShaughnessyJ. O'Shaughnessy,9,39.0,0,0,0,0,0,0,0,0,0,0,24,214,0,0,0,0,TE
Luke StockerL. Stocker,8,39.0,0,0,0,0,0,0,1,0,0,0,15,165,2,0,0,0,TE
Nick BoyleN. Boyle,10,38.0,0,0,0,0,0,0,0,0,0,0,23,213,0,0,0,0,TE
Tyler EifertT. Eifert,9,37.0,0,0,0,0,0,0,0,0,0,0,15,179,1,0,0,0,TE
Josh HillJ. Hill,6,37.0,0,0,0,0,0,0,0,0,0,0,16,185,1,0,0,0,TE
Lance KendricksL. Kendricks,7,37.0,0,0,0,0,0,0,0,0,0,0,19,170,1,0,0,0,TE
Darren FellsD. Fells,11,36.0,0,0,0,0,0,0,0,0,0,0,11,117,3,0,0,0,TE
Mike GesickiM. Gesicki,11,36.0,0,0,0,0,0,0,0,0,0,0,22,202,0,0,1,0,TE
Jordan AkinsJ. Akins,10,35.0,0,0,0,0,0,0,0,0,0,0,17,225,0,0,0,0,TE
Charles ClayC. Clay,11,34.0,0,0,0,0,0,0,0,0,0,0,21,184,0,0,1,0,TE
Will DisslyW. Dissly,7,34.0,0,0,0,0,0,0,0,0,0,0,8,156,2,0,0,0,TE
Michael RobertsM. Roberts,6,34.0,0,0,0,0,0,0,0,0,0,0,9,100,3,0,0,0,TE
Maxx WilliamsM. Williams,10,34.0,0,0,0,0,0,0,3,8,0,0,16,143,1,0,0,0,TE
Lee SmithL. Smith,7,33.0,0,0,0,0,0,0,0,0,0,0,10,73,3,0,0,0,TE
Hayden HurstH. Hurst,10,32.0,0,0,0,0,0,0,1,0,0,0,13,163,1,0,0,0,TE
Erik SwoopeE. Swoope,9,32.0,0,0,0,0,0,0,0,0,0,0,8,87,3,0,0,0,TE
Dan ArnoldD. Arnold,6,31.0,0,0,0,0,0,0,0,0,0,0,12,150,1,0,0,0,TE
Mo Alie-CoxM. Alie-Cox,9,29.0,0,0,0,0,0,0,0,0,0,0,7,133,2,0,0,0,TE
Jordan LeggettJ. Leggett,11,26.0,0,0,0,0,0,0,0,0,0,0,14,114,1,0,0,0,TE
Garrett CelekG. Celek,11,25.0,0,0,0,0,0,0,0,0,0,0,5,90,2,0,0,0,TE
Austin Seferian-JenkinsA. Seferian-Jenkins,9,24.0,0,0,0,0,0,0,0,0,0,0,11,90,1,0,0,0,TE
Logan PaulsenL. Paulsen,8,21.0,0,0,0,0,0,0,0,0,0,0,9,91,1,0,0,0,TE
MyCole PruittM. Pruitt,10,21.0,0,0,0,0,0,0,0,0,0,0,9,102,1,0,0,0,TE
Dalton SchultzD. Schultz,8,21.0,0,0,0,0,0,0,0,0,0,0,12,116,0,0,0,0,TE
Scott SimonsonS. Simonson,9,21.0,0,0,0,0,0,0,0,0,0,0,9,86,1,0,0,0,TE
Nick O'LearyN. O'Leary,11,20.0,0,0,0,0,0,0,0,0,0,0,8,86,1,0,0,0,TE
Niles PaulN. Paul,9,19.0,0,0,0,0,0,0,1,-3,0,0,10,98,0,0,0,0,TE
Logan ThomasL. Thomas,11,18.0,1,1,15,0,0,0,0,0,0,0,12,77,0,0,0,0,TE
Luke WillsonL. Willson,6,18.0,0,0,0,0,0,0,0,0,0,0,13,87,0,0,0,0,TE
Derek CarrierD. Carrier,7,17.0,0,0,0,0,0,0,0,0,0,0,7,67,1,0,0,0,TE
Seth DevalveS. Devalve,11,16.0,0,0,0,0,0,0,0,0,0,0,5,74,1,0,0,0,TE
Adam ShaheenA. Shaheen,5,16.0,0,0,0,0,0,0,0,0,0,0,5,48,1,1,0,0,TE
Robert TonyanR. Tonyan,7,16.0,0,0,0,0,0,0,0,0,0,0,4,77,1,0,0,0,TE
Jake ButtJ. Butt,10,14.0,0,0,0,0,0,0,0,0,0,0,8,85,0,0,0,0,TE
Jermaine GreshamJ. Gresham,9,14.0,0,0,0,0,0,0,0,0,0,0,9,94,0,0,1,0,TE
Jeremy SprinkleJ. Sprinkle,4,14.0,0,0,0,0,0,0,0,0,0,0,5,41,1,0,0,0,TE
Darren WallerD. Waller,10,14.0,0,0,0,0,0,0,1,21,0,0,6,75,0,0,0,0,TE
Chris ManhertzC. Manhertz,4,13.0,0,0,0,0,0,0,0,0,0,0,2,52,1,0,0,0,TE
Eric TomlinsonE. Tomlinson,11,13.0,0,0,0,0,0,0,0,0,0,0,8,72,0,0,0,0,TE
Blake BellB. Bell,10,12.0,0,0,0,0,0,0,0,0,0,0,8,67,0,0,0,0,TE
A.J. DerbyA. Derby,11,12.0,0,0,0,0,0,0,0,0,0,0,3,48,1,0,0,0,TE
Tyler ConklinT. Conklin,10,11.0,0,0,0,0,0,0,0,0,0,0,5,77,0,0,0,0,TE
Xavier GrimbleX. Grimble,7,11.0,0,0,0,0,0,0,0,0,0,0,6,86,0,0,1,0,TE
Joshua PerkinsJ. Perkins,9,11.0,0,0,0,0,0,0,0,0,0,0,5,67,0,0,0,0,TE
David GrinnageD. Grinnage,9,10.0,0,0,0,0,0,0,0,0,0,0,6,61,0,0,0,0,TE
Antony AuclairA. Auclair,5,9.0,0,0,0,0,0,0,0,0,0,0,7,48,0,0,0,0,TE
Matt LengelM. Lengel,11,9.0,0,0,0,0,0,0,0,0,0,0,3,17,1,0,0,0,TE
Durham SmytheD. Smythe,11,9.0,0,0,0,0,0,0,0,0,0,0,6,50,0,0,0,0,TE
Neal SterlingN. Sterling,11,9.0,0,0,0,0,0,0,0,0,0,0,6,47,0,0,0,0,TE
Delanie WalkerD. Walker,8,9.0,0,0,0,0,0,0,0,0,0,0,4,52,0,0,0,0,TE
Jacob HollisterJ. Hollister,11,8.0,0,0,0,0,0,0,0,0,0,0,4,52,0,0,0,0,TE
Rico GathersR. Gathers,8,7.0,0,0,0,0,0,0,0,0,0,0,3,45,0,0,0,0,TE
Ryan HewittR. Hewitt,9,7.0,0,0,0,0,0,0,0,0,0,0,1,1,1,0,0,0,TE
Brian ParkerB. Parker,10,7.0,0,0,0,0,0,0,0,0,0,0,5,33,0,0,0,0,TE
Eric SaubertE. Saubert,8,7.0,0,0,0,0,0,0,0,0,0,0,5,48,0,0,0,0,TE
Dwayne AllenD. Allen,11,6.0,0,0,0,0,0,0,0,0,0,0,3,27,0,0,0,0,TE
Ben BrauneckerB. Braunecker,5,6.0,0,0,0,0,0,0,0,0,0,0,3,42,0,0,0,0,TE
Tyler KroftT. Kroft,9,6.0,0,0,0,0,0,0,0,0,0,0,4,36,0,0,0,0,TE
Marcedes LewisM. Lewis,7,6.0,0,0,0,0,0,0,0,0,0,0,3,39,0,0,0,0,TE
David MorganD. Morgan,10,6.0,0,0,0,0,0,0,0,0,0,0,5,36,0,0,0,0,TE
Jordan FranksJ. Franks,9,5.0,0,0,0,0,0,0,0,0,0,0,2,37,0,0,0,0,TE
John PhillipsJ. Phillips,6,5.0,0,0,0,0,0,0,0,0,0,0,3,38,0,0,0,0,TE
Orson CharlesO. Charles,12,3.0,0,0,0,0,0,0,0,0,0,0,3,23,0,0,0,0,TE
Sean CulkinS. Culkin,8,3.0,0,0,0,0,0,0,0,0,0,0,1,24,0,0,0,0,TE
Tyrone SwoopesT. Swoopes,7,3.0,0,0,0,0,0,0,0,0,0,0,1,23,0,0,0,0,TE
Alan CrossA. Cross,5,2.0,0,0,0,0,0,0,0,0,0,0,2,9,0,0,0,0,TE
Ross DwelleyR. Dwelley,11,2.0,0,0,0,0,0,0,0,0,0,0,2,14,0,0,0,0,TE
Matt FlanaganM. Flanagan,4,2.0,0,0,0,0,0,0,0,0,0,0,1,14,0,0,0,0,TE
Dion SimsD. Sims,5,2.0,0,0,0,0,0,0,0,0,0,0,2,9,0,0,0,0,TE
Hakeem VallesH. Valles,9,2.0,0,0,0,0,0,0,0,0,0,0,2,11,0,0,0,0,TE
Khari LeeK. Lee,11,1.0,0,0,0,0,0,0,0,0,0,0,1,5,0,0,0,0,TE
John MundtJ. Mundt,12,1.0,0,0,0,0,0,0,0,0,0,0,1,5,0,0,0,0,TE
Richard RodgersR. Rodgers,9,1.0,0,0,0,0,0,0,0,0,0,0,1,7,0,0,0,0,TE
